Metacritic_score,Median_playtime,Price,Positive_review_threshold
0.85,0.508,0.214,1
0.72,0.507,0.286,1
0.52,0.573,0.214,0
0.58,0.34,0.214,0
0.75,0.473,0.214,0
0.68,0.279,0.286,1
0.59,0.073,0.428,1
0.61,0.486,0.0,0
0.73,0.421,0.286,0
0.83,0.599,0.086,1
0.72,0.521,0.214,1
0.59,0.421,0.114,0
0.69,0.405,0.186,1
0.64,0.12,0.071,0
0.72,0.371,0.214,0
0.5,0.346,0.214,0
0.83,0.398,0.286,1
0.78,0.719,0.571,1
0.77,0.457,0.428,1
0.76,0.233,0.071,0
0.74,0.564,0.286,0
0.58,0.545,0.143,0
0.71,0.423,0.571,0
0.6,0.676,0.0,0
0.91,0.483,0.143,1
0.66,0.339,0.071,0
0.79,0.013,0.243,1
0.8,0.455,0.286,0
0.74,0.359,0.143,1
0.75,0.37,0.286,1
0.72,0.443,0.1,1
0.83,0.557,0.114,1
0.74,0.509,0.428,0
0.68,0.422,0.286,0
0.67,0.12,0.214,0
0.68,0.431,0.114,0
0.38,0.531,0.214,0
0.68,0.759,0.214,0
0.86,0.68,0.357,1
0.7,0.467,0.286,0
0.78,0.379,0.286,0
0.61,0.15,0.143,0
0.51,0.635,0.143,0
0.73,0.488,0.0,1
0.85,0.544,0.571,1
0.84,0.488,0.143,1
0.76,0.341,0.214,1
0.75,0.279,0.014,0
0.77,0.452,0.143,1
0.55,0.332,0.114,1
0.79,0.458,0.357,0
0.71,0.541,0.571,0
0.7,0.403,0.075,0
0.85,0.499,0.0,1
0.89,0.606,0.571,1
0.76,0.141,0.071,0
0.74,0.203,0.057,0
0.86,0.477,0.286,1
0.68,0.598,0.114,1
0.73,0.678,0.286,1
0.83,0.47,0.286,1
0.62,0.521,0.026,0
0.8,0.266,0.143,0
0.63,0.036,0.214,0
0.84,0.399,0.286,1
0.53,0.563,0.243,0
0.75,0.481,0.011,0
0.82,0.228,0.186,0
0.79,0.379,0.0,1
0.75,0.35,0.286,1
0.74,0.398,0.286,1
0.63,0.472,0.0,0
0.89,0.502,0.286,1
0.74,0.502,0.128,1
0.69,0.403,0.143,1
0.89,0.468,0.186,1
0.63,0.349,0.143,0
0.81,0.223,0.214,1
0.75,0.289,0.143,1
0.74,0.45,0.143,1
0.84,0.75,0.857,1
0.77,0.464,0.143,1
0.81,0.559,0.286,0
0.82,0.547,1.0,0
0.69,0.519,0.114,1
0.86,0.488,0.714,1
0.62,0.294,0.114,1
0.88,0.368,0.214,1
0.68,0.4,0.053,0
0.92,0.503,0.143,1
0.79,0.587,0.214,1
0.66,0.36,0.107,0
0.8,0.262,0.0,0
0.93,0.729,0.571,1
0.77,0.551,0.194,1
0.73,0.324,0.143,1
0.81,0.495,0.571,1
0.76,0.535,0.286,1
0.87,0.631,0.428,1
0.66,0.518,0.071,0
0.94,0.538,0.428,1
0.67,0.183,0.0,0
0.77,0.59,0.214,1
0.74,0.394,0.057,0
0.61,0.588,0.571,0
0.78,0.297,0.214,0
0.74,0.492,0.071,0
0.58,0.155,0.286,0
0.63,0.424,0.014,0
0.51,0.405,0.143,0
0.55,0.579,0.5,0
0.84,0.57,0.286,1
0.72,0.422,0.214,1
0.81,0.539,0.286,1
0.68,0.448,0.2,1
0.84,0.294,0.143,1
0.77,0.487,0.428,0
0.91,0.476,0.286,1
0.67,0.471,0.128,0
0.78,0.453,0.028,1
0.77,0.384,0.357,1
0.8,0.22,0.214,0
0.72,0.206,0.286,0
0.82,0.252,0.143,0
0.8,0.37,0.428,1
0.83,0.288,0.0,0
0.74,0.342,0.428,0
0.81,0.343,0.071,0
0.79,0.44,0.228,1
0.74,0.429,0.0,1
0.8,0.215,0.143,0
0.84,0.046,0.286,0
0.79,0.44,0.214,1
0.58,0.355,0.1,0
0.83,0.858,0.857,1
0.84,0.42,0.357,1
0.79,0.186,0.143,1
0.83,0.482,0.5,1
0.81,0.543,0.357,1
0.8,0.495,0.193,0
0.85,0.543,0.286,1
0.77,0.463,0.214,1
0.64,0.12,0.143,0
0.87,0.576,0.214,1
0.64,0.303,0.0,0
0.82,0.572,0.286,1
0.78,0.175,0.214,1
0.9,0.737,0.428,1
0.91,0.432,0.286,0
0.83,0.816,0.571,1
0.85,0.302,0.357,0
0.84,0.427,0.286,1
0.68,0.474,0.286,0
0.66,0.537,0.286,0
0.66,0.421,0.071,0
0.49,0.691,0.071,0
0.67,0.375,0.114,0
0.64,0.416,0.214,0
0.72,0.332,0.075,0
0.59,0.401,0.286,1
0.69,0.624,0.071,0
0.61,0.193,0.214,0
0.78,0.42,0.214,1
0.66,0.485,0.143,1
0.73,0.442,0.286,1
0.9,0.65,0.357,1
0.9,0.419,0.143,1
0.84,0.312,0.071,0
0.66,0.343,0.286,0
0.82,0.553,0.428,0
0.82,0.542,0.214,1
0.79,0.608,0.214,1
0.7,0.346,0.214,0
0.89,0.524,0.171,1
0.82,0.491,0.186,1
0.59,0.413,0.143,1
0.68,0.465,0.143,0
0.76,0.517,0.286,1
0.85,0.544,0.143,0
0.66,0.332,0.143,1
0.82,0.775,0.428,0
0.66,0.511,0.014,0
0.7,0.691,0.143,1
0.74,0.481,0.017,0
0.77,0.666,0.357,1
0.81,0.013,0.214,1
0.86,0.757,0.0,1
0.77,0.603,0.428,0
0.7,0.5,0.086,0
0.79,0.552,0.428,1
0.78,0.503,0.071,0
0.68,0.395,0.114,0
0.71,0.305,0.071,1
0.77,0.438,0.143,1
0.43,0.352,0.214,0
0.52,0.225,0.286,0
0.76,0.036,0.286,0
0.76,0.695,0.571,1
0.64,0.328,0.286,0
0.8,0.554,0.214,1
0.81,0.522,0.5,1
0.86,0.666,0.286,1
0.61,0.363,0.286,1
0.81,0.505,0.0,0
0.91,0.809,0.571,1
0.64,0.217,0.286,0
0.73,0.53,0.007,0
0.77,0.496,0.286,0
0.55,0.424,0.214,0
0.83,0.281,0.214,0
0.56,0.416,0.0,0
0.78,0.428,0.214,1
0.77,0.436,0.071,0
0.68,0.459,0.214,1
0.78,0.073,0.071,0
0.8,0.429,0.014,0
0.9,0.422,0.286,1
0.67,0.374,0.0,0
0.59,0.464,0.186,0
0.79,0.409,0.1,1
0.88,0.288,0.043,1
0.71,0.377,0.171,1
0.66,0.42,0.214,0
0.73,0.691,0.857,1
0.69,0.361,0.214,1
0.72,0.451,0.357,0
0.68,0.434,0.214,1
0.84,0.535,0.857,1
0.76,0.425,0.571,1
0.86,0.588,0.428,1
0.83,0.429,0.143,1
0.83,0.63,0.428,1
0.55,0.529,0.214,0
0.71,0.352,0.214,1
0.71,0.837,0.857,1
0.66,0.315,0.0,0
0.68,0.425,0.286,0
0.72,0.484,0.286,1
0.77,0.722,0.107,0
0.86,0.39,0.064,1
0.75,0.533,0.143,1
0.76,0.576,0.143,1
0.79,0.247,0.286,0
0.71,0.429,0.286,0
0.75,0.567,0.857,0
0.53,0.671,0.428,0
0.82,0.345,0.143,1
0.73,0.559,0.857,0
0.68,0.506,0.043,1
0.69,0.491,0.143,0
0.8,0.345,0.028,1
0.65,0.736,0.086,0
0.37,0.306,0.071,0
0.57,0.264,0.1,0
0.82,0.502,0.286,1
0.69,0.53,0.214,0
0.65,0.491,0.286,0
0.72,0.485,0.143,0
0.63,0.537,0.214,0
0.69,0.46,0.571,0
0.83,0.483,0.143,1
0.75,0.54,0.286,0
0.83,0.63,0.286,1
0.82,0.443,0.357,1
0.59,0.487,0.357,0
0.8,0.155,0.143,1
0.74,0.353,0.014,1
0.52,0.406,0.043,0
0.82,0.621,0.5,1
0.64,0.383,0.143,0
0.56,0.08,0.143,0
0.73,0.368,0.1,0
0.71,0.228,0.143,1
0.84,0.359,0.0,0
0.71,0.482,0.171,0
0.75,0.435,0.071,0
0.82,0.281,0.1,0
0.64,0.547,0.143,0
0.81,0.443,0.0,1
0.8,0.356,0.286,0
0.75,0.272,0.1,0
0.54,0.672,0.428,0
0.74,0.013,0.043,0
0.82,0.377,0.0,0
0.78,0.405,0.171,0
0.68,0.599,0.428,1
0.77,0.525,0.228,0
0.68,0.676,0.143,0
0.88,0.616,0.0,1
0.67,0.125,0.286,0
0.74,0.443,0.857,1
0.68,0.562,0.0,0
0.64,0.57,0.571,0
0.79,0.652,0.143,1
0.75,0.636,0.143,0
0.57,0.329,0.071,0
0.97,0.533,0.857,1
0.7,0.487,0.286,0
0.65,0.341,0.036,0
0.79,0.545,0.143,1
0.8,0.318,0.071,1
0.77,0.57,0.186,1
0.38,0.095,0.143,0
0.78,0.4,0.186,1
0.45,0.38,0.143,0
0.92,0.312,0.143,1
0.69,0.476,0.028,0
0.81,0.738,0.579,0
0.81,0.596,0.214,1
0.58,0.036,0.057,0
0.54,0.33,0.0,0
0.7,0.392,0.143,0
0.87,0.516,0.157,1
0.72,0.442,0.214,0
0.43,0.676,0.214,0
0.66,0.545,0.143,1
0.7,0.416,0.286,1
0.58,0.426,0.0,0
0.59,0.159,0.286,0
0.7,0.141,0.014,0
0.67,0.524,0.357,0
0.87,0.489,0.857,1
0.71,0.466,0.286,0
0.62,0.209,0.086,0
0.57,0.359,0.143,1
0.85,0.15,0.086,1
0.69,0.283,0.071,0
0.64,0.824,0.286,0
0.83,0.588,0.143,1
0.89,0.569,0.428,1
0.61,0.444,0.143,0
0.75,0.543,0.286,0
0.83,0.587,0.428,1
0.85,0.22,0.143,1
0.88,0.474,0.214,1
0.79,0.659,0.1,1
0.78,0.451,0.214,0
0.68,0.329,0.157,0
0.71,0.502,0.143,1
0.67,0.469,0.071,1
0.72,0.494,0.5,0
0.32,0.433,0.071,0
0.81,0.529,0.428,1
0.8,0.383,0.0,0
0.55,0.587,0.1,0
0.85,0.141,0.05,0
0.81,0.399,0.018,1
0.77,0.508,0.143,1
0.73,0.12,0.0,0
0.68,0.125,0.143,0
0.46,0.499,0.286,0
0.85,0.367,0.571,1
0.78,0.479,0.1,0
0.73,0.427,0.143,1
0.57,0.311,0.171,0
0.93,0.725,0.643,1
0.76,0.391,0.114,1
0.81,0.141,0.214,1
0.83,0.236,0.428,0
0.54,0.467,0.057,0
0.88,0.484,0.0,1
0.87,0.405,0.571,1
0.8,0.535,0.071,1
0.79,0.203,0.0,0
0.64,0.416,0.043,0
0.61,0.435,0.036,1
0.61,0.452,0.143,0
0.69,0.073,0.143,1
0.72,0.477,0.143,0
0.79,0.073,0.286,1
0.81,0.212,0.071,1
0.65,0.316,0.014,0
0.71,0.436,0.071,0
0.75,0.391,0.071,0
0.77,0.354,0.214,0
0.6,0.406,0.214,0
0.58,0.428,0.1,0
0.53,0.385,0.071,0
0.74,0.659,0.428,1
0.87,0.313,0.0,0
0.73,0.662,0.857,0
0.69,0.055,0.014,0
0.82,0.354,0.086,1
0.54,0.433,0.0,0
0.44,0.418,0.057,0
0.8,0.486,0.357,1
0.74,0.556,0.286,0
0.78,0.428,0.214,0
0.8,0.667,0.643,1
0.69,0.703,0.214,1
0.8,0.612,0.428,1
0.78,0.432,0.214,1
0.66,0.411,0.143,0
0.76,0.449,0.214,1
0.6,0.503,0.0,0
0.84,0.537,0.428,1
0.81,0.358,0.143,1
0.7,0.62,0.286,0
0.78,0.687,0.357,1
0.83,0.283,0.039,1
0.7,0.473,0.043,0
0.71,0.114,0.086,0
0.85,0.513,0.357,1
0.77,0.412,0.064,1
0.73,0.245,0.186,0
0.85,0.671,0.571,0
0.81,0.534,0.428,1
0.81,0.591,0.214,1
0.62,0.423,0.214,0
0.63,0.374,0.286,0
0.66,0.27,0.1,0
0.74,0.495,0.143,1
0.73,0.512,0.021,0
0.82,0.453,0.0,1
0.63,0.073,0.1,0
0.72,0.359,0.214,0
0.87,0.379,0.357,1
0.93,0.506,0.286,1
0.67,0.407,0.143,1
0.8,0.556,0.571,1
0.81,0.565,0.214,1
0.76,0.254,0.214,1
0.8,0.692,0.643,0
0.77,0.431,0.857,1
0.84,0.451,0.428,1
0.79,0.578,0.143,1
0.8,0.228,0.071,1
0.78,0.772,0.214,1
0.62,0.26,0.043,0
0.69,0.046,0.071,0
0.84,0.609,0.286,1
0.87,0.503,0.186,1
0.62,0.476,0.286,1
0.62,0.597,0.214,0
0.65,0.443,0.143,0
0.73,0.293,0.014,1
0.65,0.363,0.086,0
0.86,0.297,0.1,1
0.69,0.398,0.143,1
0.68,0.403,0.214,1
0.84,0.609,0.143,1
0.65,0.622,0.286,0
0.68,0.095,0.214,0
0.68,0.426,0.286,0
0.57,0.44,0.063,0
0.77,0.717,0.0,1
0.81,0.356,0.143,1
0.71,0.377,0.143,0
0.77,0.797,0.143,1
0.69,0.336,0.143,0
0.84,0.422,0.071,1
0.83,0.539,0.114,1
0.89,0.08,0.357,1
0.77,0.563,0.214,1
0.76,0.163,0.143,1
0.7,0.5,0.286,1
0.92,0.293,0.143,1
0.77,0.555,0.571,0
0.65,0.537,0.143,0
0.82,0.25,0.043,0
0.65,0.6,0.214,0
0.74,0.501,0.0,0
0.71,0.505,0.257,1
0.72,0.362,0.0,0
0.82,0.589,0.571,0
0.75,0.549,0.286,0
0.7,0.625,0.143,1
0.73,0.49,0.143,0
0.72,0.289,0.0,0
0.62,0.546,0.143,0
0.73,0.379,0.357,0
0.84,0.586,0.571,0
0.82,0.272,0.143,1
0.82,0.495,0.286,1
0.67,0.368,0.143,0
0.81,0.231,0.128,1
0.77,0.431,0.428,0
0.8,0.731,0.571,1
0.8,0.641,0.428,1
0.79,0.167,0.143,1
0.91,0.595,0.428,1
0.7,0.34,0.186,1
0.82,0.563,0.428,0
0.67,0.432,0.0,0
0.74,0.272,0.286,0
0.66,0.565,0.214,0
0.86,0.386,0.064,1
0.68,0.481,0.214,1
0.76,0.474,0.0,0
0.79,0.426,0.286,1
0.79,0.136,0.186,1
0.72,0.573,0.286,0
0.85,0.423,0.143,1
0.66,0.577,0.0,0
0.75,0.574,0.428,1
0.76,0.461,0.0,0
0.75,0.483,0.286,0
0.77,0.4,0.286,1
0.86,0.544,0.186,1
0.91,0.498,0.286,1
0.78,0.512,0.214,1
0.81,0.252,0.0,0
0.8,0.535,0.286,1
0.77,0.565,0.043,0
0.6,0.425,0.012,0
0.77,0.458,0.0,0
0.64,0.466,0.057,0
0.78,0.367,0.357,0
0.7,0.203,0.357,0
0.74,0.65,0.286,0
0.71,0.359,0.043,1
0.65,0.281,0.0,0
0.72,0.444,0.428,1
0.53,0.653,0.428,0
0.83,0.308,0.286,1
0.76,0.413,0.186,1
0.78,0.511,0.286,1
0.65,0.388,0.071,0
0.62,0.728,0.028,0
0.74,0.373,0.214,1
0.78,0.604,0.357,1
0.74,0.22,0.0,0
0.75,0.415,0.571,0
0.77,0.503,0.214,1
0.67,0.247,0.357,0
0.65,0.131,0.143,1
0.89,0.562,0.286,1
0.58,0.428,0.143,0
0.53,0.283,0.0,0
0.89,0.238,0.143,1
0.8,0.372,0.0,0
0.72,0.497,0.428,1
0.73,0.422,0.286,0
0.73,0.514,0.286,0
0.65,0.294,0.286,0
0.75,0.724,0.071,0
0.71,0.426,0.0,1
0.53,0.236,0.286,0
0.74,0.632,0.571,1
0.82,0.203,0.214,0
0.55,0.398,0.143,0
0.69,0.615,0.214,0
0.84,0.564,0.357,1
0.77,0.602,0.0,1
0.65,0.342,0.143,0
0.69,0.567,0.357,1
0.72,0.114,0.0,0
0.8,0.491,0.571,0
0.56,0.528,0.143,0
0.85,0.49,0.428,1
0.91,0.752,0.857,0
0.85,0.622,0.428,1
0.81,0.615,0.286,0
0.68,0.274,0.286,0
0.81,0.833,0.428,0
0.84,0.336,0.143,1
0.77,0.545,0.428,0
0.78,0.35,0.143,0
0.78,0.414,0.357,0
0.82,0.352,0.0,0
0.73,0.458,0.071,0
0.84,0.179,0.286,0
0.66,0.025,0.171,0
0.96,0.881,0.0,0
0.72,0.064,0.071,0
0.7,0.407,0.286,0
0.68,0.296,0.071,0
0.8,0.345,0.286,0
0.73,0.368,0.128,0
0.75,0.254,0.071,0
0.63,0.563,0.143,0
0.89,0.73,0.357,1
0.51,0.563,0.071,0
0.81,0.297,0.086,1
0.68,0.352,0.186,0
0.61,0.394,0.143,0
0.56,0.663,0.571,1
0.78,0.25,0.186,0
0.87,0.548,0.1,1
0.67,0.183,0.071,0
0.85,0.453,0.186,1
0.75,0.363,0.143,1
0.76,0.277,0.428,0
0.71,0.42,0.143,0
0.78,0.589,0.428,1
0.91,0.417,0.428,0
0.79,0.384,0.214,0
0.73,0.22,0.286,0
0.72,0.466,0.286,0
0.84,0.495,0.571,1
0.72,0.581,1.0,0
0.7,0.864,0.286,0
0.63,0.424,0.071,1
0.75,0.403,0.286,1
0.73,0.405,0.071,0
0.77,0.588,0.286,1
0.64,0.415,0.286,1
0.68,0.431,0.017,1
0.63,0.802,0.157,0
0.78,0.322,0.143,0
0.76,0.358,0.571,1
0.61,0.718,0.0,0
0.76,0.673,0.428,1
0.68,0.341,0.0,0
0.64,0.383,0.286,0
0.8,0.764,0.0,0
0.8,0.26,0.071,1
0.93,0.591,0.428,1
0.63,0.684,0.071,0
0.87,0.299,0.0,0
0.84,0.597,0.286,1
0.85,0.537,0.214,1
0.68,0.418,0.214,0
0.75,0.437,0.114,0
0.81,0.396,0.143,0
0.87,0.441,0.571,0
0.88,0.667,0.857,1
0.77,0.357,0.071,1
0.65,0.373,0.286,0
0.73,0.141,0.114,0
0.61,0.167,0.071,0
0.75,0.418,0.143,0
0.63,0.266,0.286,0
0.61,0.315,0.143,0
0.8,0.08,0.107,1
0.76,0.524,0.571,1
0.83,0.608,0.286,0
0.67,0.469,0.214,0
0.72,0.457,0.428,0
0.7,0.403,0.286,0
0.75,0.405,0.286,0
0.67,0.434,0.014,0
0.64,0.437,0.271,0
0.69,0.316,0.043,0
0.86,0.745,0.0,1
0.81,0.361,0.143,0
0.75,0.357,0.143,0
0.79,0.264,0.043,1
0.76,0.108,0.214,0
0.72,0.694,0.571,0
0.61,0.432,0.143,0
0.87,0.418,0.143,1
0.78,0.62,0.286,1
0.47,0.403,0.214,0
0.61,0.345,0.171,0
0.76,0.524,0.286,1
0.76,0.565,0.357,0
0.79,0.435,0.428,0
0.75,0.439,0.071,0
0.8,0.412,0.428,1
0.68,0.382,0.214,1
0.69,0.294,0.214,0
0.75,0.489,0.157,1
0.69,0.309,0.143,0
0.76,0.055,0.271,1
0.87,0.554,0.071,1
0.88,0.08,0.143,0
0.69,0.316,0.071,0
0.74,0.463,0.428,1
0.67,0.114,0.071,0
0.68,0.548,0.286,0
0.79,0.428,0.357,0
0.73,0.525,0.357,1
0.57,0.4,0.286,1
0.83,0.254,0.143,0
0.6,0.465,0.143,0
0.68,0.34,0.214,1
0.54,0.362,0.057,0
0.78,0.463,0.243,0
0.82,0.555,0.571,0
0.87,0.536,0.214,1
0.69,0.523,0.186,0
0.63,0.266,0.214,0
0.74,0.477,0.428,0
0.64,0.12,0.043,0
0.82,0.416,0.128,1
0.74,0.368,0.257,0
0.71,0.375,0.143,0
0.57,0.423,0.028,0
0.88,0.615,0.286,1
0.78,0.384,0.043,1
0.89,0.493,0.286,0
0.72,0.228,0.286,0
0.61,0.412,0.571,0
0.63,0.632,0.286,0
0.79,0.517,0.286,1
0.85,0.575,0.057,1
0.76,0.576,0.021,0
0.8,0.375,0.0,1
0.66,0.479,0.057,0
0.76,0.223,0.243,1
0.77,0.425,0.071,0
0.63,0.0,0.286,0
0.55,0.497,0.186,0
0.87,0.573,0.0,1
0.75,0.589,0.214,0
0.65,0.405,0.214,0
0.75,0.691,0.143,0
0.62,0.392,0.143,1
0.58,0.3,0.214,0
0.67,0.171,0.096,1
0.73,0.501,0.286,0
0.8,0.452,0.214,1
0.84,0.391,0.214,1
0.86,0.48,0.286,1
0.65,0.646,0.714,0
0.7,0.266,0.286,0
0.78,0.491,0.428,1
0.82,0.508,0.571,1
0.83,0.472,0.086,1
0.8,0.818,0.571,1
0.82,0.429,0.214,1
0.6,0.633,0.357,0
0.85,0.24,0.128,0
0.77,0.477,0.143,0
0.77,0.561,0.143,0
0.77,0.353,0.0,0
0.9,0.268,0.428,1
0.82,0.35,0.0,1
0.72,0.527,0.143,0
0.79,0.329,0.143,1
0.74,0.215,0.143,0
0.8,0.455,0.1,0
0.72,0.58,0.228,1
0.89,0.452,0.143,1
0.84,0.459,0.214,0
0.8,0.37,0.286,0
0.83,0.42,0.114,1
0.72,0.308,0.071,0
0.85,0.676,0.357,1
0.38,0.471,0.428,0
0.85,0.343,0.214,1
0.64,0.258,0.066,0
0.72,0.52,0.0,0
0.8,0.382,0.143,0
0.81,0.674,0.214,1
0.79,0.33,0.0,1
0.74,0.088,0.114,0
0.75,0.534,0.286,1
0.48,0.457,0.286,0
0.72,0.57,0.286,1
0.86,0.414,0.5,1
0.86,0.981,0.714,1
0.73,0.39,0.428,0
0.72,0.266,0.0,0
0.75,0.405,0.214,1
0.81,0.357,0.071,1
0.7,0.383,0.357,0
0.64,0.717,0.186,1
0.64,0.38,0.214,0
0.79,0.526,0.143,0
0.75,0.63,0.143,1
0.74,0.193,0.143,1
0.83,0.505,0.1,1
0.83,0.363,0.0,1
0.83,0.487,0.214,1
0.61,0.827,0.071,1
0.76,0.723,0.171,1
0.77,0.612,0.571,1
0.8,0.738,0.857,1
0.54,0.423,0.286,0
0.83,0.431,0.143,1
0.73,0.617,0.5,1
0.86,0.55,0.286,1
0.71,0.441,0.032,0
0.91,0.541,0.057,1
0.81,0.357,0.071,1
0.8,0.534,0.143,1
0.77,0.654,0.0,1
0.76,0.703,0.857,1
0.76,0.355,0.357,1
0.52,0.461,0.036,0
0.65,0.412,0.186,0
0.79,0.706,0.286,1
0.8,0.546,0.1,0
0.77,0.637,0.428,0
0.75,0.406,0.143,1
0.81,0.893,0.0,0
0.6,0.302,0.214,0
0.83,0.448,0.128,0
0.67,0.046,0.071,0
0.75,0.435,0.214,1
0.66,0.258,0.057,0
0.73,0.546,0.107,1
0.66,0.266,0.286,0
0.7,0.641,0.357,0
0.73,0.383,0.214,1
0.75,0.373,0.214,0
0.86,0.357,0.286,1
0.61,0.407,0.214,0
0.71,0.193,0.143,0
0.6,0.588,0.143,0
0.79,0.506,0.286,1
0.92,0.297,0.286,1
0.68,0.489,0.214,1
0.78,0.549,0.214,0
0.7,0.095,0.143,0
0.6,0.46,0.171,0
0.69,0.782,0.571,1
0.61,0.387,0.214,0
0.55,0.505,0.214,0
0.66,0.306,0.214,0
0.82,0.488,0.286,1
0.78,0.315,0.071,1
0.65,0.22,0.1,0
0.78,0.459,0.428,1
0.69,0.671,0.428,0
0.78,0.66,0.571,0
0.9,0.209,0.214,1
0.7,0.238,0.428,0
0.68,0.467,0.428,0
0.85,0.648,0.428,1
0.78,0.587,0.143,0
0.67,0.233,0.428,0
0.7,0.293,0.071,1
0.72,0.445,0.143,1
0.8,0.323,0.286,1
0.72,0.492,0.143,0
0.77,0.591,0.0,0
0.71,0.362,0.071,0
0.76,0.426,0.028,0
0.74,0.616,0.357,1
0.69,0.517,0.186,0
0.7,0.795,0.071,0
0.77,0.48,0.0,0
0.43,0.343,0.071,0
0.61,0.419,0.143,0
0.73,0.525,0.286,0
0.81,0.435,0.571,1
0.68,0.243,0.286,0
0.85,0.433,0.143,1
0.76,0.507,0.286,1
0.86,0.286,0.0,0
0.79,0.245,0.286,0
0.71,0.515,0.214,1
0.81,0.532,0.428,1
0.83,0.523,0.286,1
0.66,0.417,0.214,1
0.62,0.542,0.857,0
0.76,0.545,0.286,1
0.7,0.416,0.143,0
0.71,0.573,0.714,0
0.81,0.557,0.214,0
0.71,0.683,0.428,0
0.83,0.55,0.428,1
0.7,0.467,0.143,1
0.72,0.323,0.286,1
0.81,0.379,0.026,1
0.82,0.749,0.428,1
0.72,0.455,0.428,0
0.73,0.254,0.143,1
0.79,0.62,0.428,0
0.67,0.606,0.714,0
0.73,0.073,0.0,0
0.77,0.624,0.857,0
0.52,0.264,0.071,0
0.8,0.407,0.143,1
0.68,0.435,0.214,1
0.77,0.472,0.357,1
0.76,0.49,0.214,0
0.82,0.381,0.286,1
0.79,0.462,0.143,1
0.69,0.319,0.186,1
0.73,0.32,0.214,0
0.73,0.013,0.143,0
0.87,0.621,0.286,0
0.66,0.335,0.286,0
0.87,0.49,0.357,1
0.73,0.865,0.286,0
0.81,0.522,0.357,1
0.54,0.203,0.143,1
0.76,0.531,0.214,1
0.71,0.073,0.114,0
0.76,0.531,0.143,0
0.86,0.477,0.071,1
0.63,0.468,0.071,1
0.79,0.421,0.043,1
0.66,0.465,0.286,0
0.87,0.764,0.857,1
0.87,0.575,0.428,0
0.63,0.467,0.143,0
0.8,0.48,0.0,1
0.77,0.383,0.057,1
0.8,0.277,0.114,1
0.72,0.577,0.286,0
0.78,0.588,0.857,0
0.68,0.399,0.428,0
0.86,0.747,0.714,1
0.81,0.44,0.286,1
0.83,0.358,0.128,1
0.73,0.406,0.086,0
0.74,0.611,0.357,1
0.75,0.534,0.428,0
0.66,0.578,0.214,0
0.74,0.598,0.283,1
0.54,0.309,0.143,0
0.91,0.532,0.036,0
0.66,0.206,0.428,1
0.84,0.481,0.286,1
0.79,0.357,0.286,1
0.76,0.53,0.286,1
0.45,0.336,0.034,0
0.74,0.39,0.286,0
0.72,0.308,0.286,0
0.8,0.552,0.0,0
0.85,0.33,0.143,1
0.73,0.196,0.071,0
0.82,0.462,0.143,0
0.73,0.637,0.143,1
0.83,0.912,0.0,0
0.68,0.431,0.071,1
0.76,0.443,0.143,0
0.9,0.593,0.143,1
0.47,0.421,0.214,0
0.74,0.617,0.143,0
0.76,0.4,0.186,1
0.75,0.434,0.0,1
0.65,0.323,0.143,0
0.82,0.538,0.286,0
0.77,0.357,0.214,1
0.75,0.509,0.286,0
0.8,0.375,0.143,0
0.78,0.311,0.214,1
0.85,0.527,0.286,1
0.72,0.289,0.214,0
0.86,0.368,0.114,1
0.72,0.508,0.286,1
0.79,0.463,0.357,1
0.79,0.243,0.107,0
0.68,0.24,0.214,0
0.75,0.438,0.05,0
0.52,0.353,0.043,0
0.65,0.394,0.0,0
0.72,0.523,0.214,1
0.82,0.565,0.286,1
0.72,0.569,0.214,1
0.83,0.209,0.214,1
0.55,0.434,0.143,0
0.81,0.399,0.286,0
0.73,0.388,0.286,0
0.66,0.343,0.1,0
0.76,0.376,0.571,0
0.67,0.055,0.143,0
0.65,0.38,0.286,0
0.8,0.633,0.714,0
0.56,0.388,0.057,0
0.89,0.354,0.143,1
0.69,0.407,0.286,0
0.68,0.448,0.008,0
0.73,0.361,0.071,0
0.76,0.677,0.143,1
0.69,0.551,0.143,1
0.76,0.476,0.428,1
0.66,0.408,0.071,0
0.54,0.136,0.014,0
0.8,0.587,0.571,1
0.8,0.725,0.786,0
0.91,0.15,0.143,0
0.83,0.483,0.214,0
0.77,0.268,0.0,0
0.72,0.431,0.214,1
0.68,0.421,0.086,0
0.93,0.669,0.357,1
0.9,0.744,0.429,1
0.74,0.369,0.1,0
0.69,0.602,0.143,0
0.73,0.387,0.143,0
0.69,0.598,0.0,0
0.74,0.446,0.014,1
0.64,0.141,0.214,0
0.64,0.408,0.143,0
0.74,0.764,0.0,0
0.75,0.428,0.286,1
0.75,0.46,0.043,1
0.77,0.376,0.214,0
0.82,0.335,0.286,0
0.73,0.412,0.128,1
0.68,0.88,0.571,0
0.52,0.399,0.043,0
0.87,0.385,0.143,1
0.9,0.19,0.1,1
0.66,0.392,0.243,1
0.91,0.477,0.0,0
0.82,0.299,0.243,1
0.61,0.46,0.1,0
0.76,0.268,0.286,1
0.78,0.429,0.214,0
0.81,0.493,0.143,1
0.67,0.159,0.286,1
0.75,0.414,0.071,0
0.85,0.521,0.0,1
0.47,0.65,0.143,0
0.86,0.649,0.186,0
0.78,0.435,0.286,1
0.91,0.418,0.286,1
0.81,0.291,0.086,1
0.75,0.258,0.071,0
0.66,0.446,0.143,0
0.81,0.458,0.186,0
0.77,0.41,0.186,1
0.74,0.516,0.714,0
0.61,0.473,0.214,0
0.78,0.62,0.214,1
0.48,0.421,0.0,0
0.51,0.291,0.128,1
0.77,0.476,0.286,1
0.6,0.636,0.143,0
0.73,0.319,0.286,0
0.82,0.431,0.114,1
0.72,0.408,0.214,0
0.74,0.37,0.286,0
0.75,0.231,0.214,1
0.8,0.641,0.643,1
0.81,0.546,0.214,1
0.75,0.479,0.214,0
0.72,0.541,0.286,0
0.78,0.15,0.071,1
0.8,0.544,0.428,1
0.8,0.526,0.186,1
0.7,0.396,0.214,0
0.68,0.421,0.143,0
0.8,0.766,0.428,1
0.66,0.453,0.071,0
0.69,0.378,0.571,0
0.69,0.593,0.214,0
0.75,0.463,0.357,1
0.82,0.446,0.143,1
0.84,0.329,0.5,0
0.87,0.639,0.571,1
0.67,0.101,0.02,0
0.82,0.405,0.143,1
0.73,0.5,0.143,0
0.86,0.637,0.857,0
0.74,0.206,0.1,1
0.6,0.373,0.286,0
0.87,0.305,0.214,1
0.7,0.064,0.0,0
0.76,0.711,0.857,0
0.81,0.454,0.214,1
0.87,0.427,0.286,1
0.77,0.444,0.0,0
0.69,0.362,0.051,1
0.81,0.443,0.157,1
0.75,0.692,0.314,1
0.8,0.533,0.286,1
0.85,0.626,0.286,1
0.83,0.652,0.428,1
0.79,0.544,0.143,1
0.65,0.146,0.214,0
0.89,0.83,0.428,0
0.86,0.228,0.143,1
0.75,0.596,0.214,1
0.7,0.517,0.428,0
0.75,0.537,0.143,1
0.77,0.513,0.214,0
0.78,0.589,0.286,1
0.82,0.455,0.1,0
0.57,0.299,0.286,0
0.74,0.466,0.214,1
0.74,0.58,0.143,0
0.86,0.795,0.857,1
0.62,0.4,0.143,0
0.79,0.055,0.286,1
0.78,0.305,0.143,1
0.88,0.454,0.143,1
0.41,0.281,0.071,0
0.77,0.487,0.571,0
0.55,0.432,0.143,0
0.7,0.327,0.214,0
0.78,0.504,0.286,1
0.66,0.407,0.071,0
0.74,0.39,0.286,1
0.33,0.699,0.428,0
0.87,0.476,0.343,1
0.68,0.247,0.114,1
0.87,0.354,0.1,1
0.59,0.428,0.128,0
0.68,0.399,0.286,0
0.67,0.537,0.286,0
0.8,0.566,0.857,1
0.86,0.511,0.214,1
0.73,0.449,0.0,0
0.8,0.68,0.286,0
0.81,0.377,0.071,1
0.91,0.296,0.143,1
0.7,0.215,0.286,0
0.64,0.291,0.0,0
0.77,0.389,0.071,0
0.68,0.494,0.143,1
0.55,0.474,0.0,1
0.7,0.638,0.428,0
0.69,0.735,0.428,1
0.69,0.338,0.143,1
0.75,0.503,0.286,0
0.73,0.341,0.143,0
0.73,0.24,0.214,0
0.59,0.473,0.071,0
0.71,0.431,0.214,0
0.71,0.518,0.143,1
0.81,0.391,0.286,1
0.7,0.483,0.057,0
0.6,0.414,0.0,0
0.72,0.568,0.214,0
0.64,0.471,0.043,1
0.55,0.479,0.286,0
0.75,0.386,0.143,1
0.7,0.399,0.214,1
0.61,0.646,0.428,0
0.73,0.527,0.214,0
0.84,0.603,0.286,1
0.79,0.308,0.514,1
0.7,0.466,0.286,1
0.66,0.209,0.143,0
0.76,0.34,0.071,0
0.75,0.387,0.021,1
0.8,0.469,0.071,1
0.78,0.401,0.143,1
0.76,0.167,0.071,0
0.67,0.383,0.071,0
0.73,0.569,0.857,0
0.73,0.653,0.0,1
0.79,0.394,0.286,1
0.83,0.483,0.0,1
0.81,0.481,0.714,0
0.8,0.489,0.571,0
0.88,0.495,0.143,1
0.65,0.453,0.286,1
0.6,0.396,0.143,0
0.84,0.489,0.161,1
0.73,0.452,0.071,0
0.6,0.707,0.571,0
0.58,0.435,0.0,0
0.51,0.231,0.357,0
0.86,0.469,0.1,0
0.81,0.483,0.428,1
0.63,0.175,0.066,0
0.51,0.442,0.1,0
0.81,0.538,0.286,1
0.58,0.648,0.025,0
0.77,0.422,0.214,1
0.62,0.228,0.214,0
0.62,0.42,0.143,1
0.63,0.487,0.286,0
0.93,0.711,0.428,1
0.85,0.462,0.214,1
0.84,0.487,0.071,1
0.8,0.428,0.143,1
0.6,0.389,0.286,0
0.75,0.517,0.428,0
0.7,0.231,0.0,0
0.82,0.371,0.043,1
0.81,0.38,0.428,0
0.8,0.196,0.214,0
0.79,0.515,0.143,0
0.76,0.543,0.143,1
0.71,0.453,0.357,0
0.8,0.435,0.143,0
0.54,0.482,0.143,0
0.85,0.751,0.857,1
0.76,0.409,0.357,0
0.75,0.48,0.428,0
0.44,0.281,0.071,0
0.66,0.575,0.0,0
0.72,0.688,0.286,0
0.45,0.179,0.071,0
0.7,0.603,0.0,0
0.83,0.461,0.214,1
0.71,0.223,0.143,0
0.83,0.293,0.428,1
0.79,0.223,0.143,1
0.71,0.25,0.0,0
0.75,0.619,0.428,0
0.75,0.474,0.286,0
0.63,0.423,0.428,0
0.84,0.348,0.286,1
0.8,0.722,0.428,1
0.79,0.458,0.143,1
0.71,0.392,0.143,0
0.92,0.494,0.0,1
0.79,0.35,0.214,0
0.78,0.456,0.143,1
0.8,0.5,0.286,1
0.67,0.557,0.428,0
0.77,0.186,0.071,1
0.55,0.422,0.043,0
0.7,0.453,0.357,0
0.82,0.013,0.214,0
0.73,0.377,0.071,1
0.6,0.408,0.286,1
0.79,0.391,0.07,1
0.8,0.424,0.428,1
0.91,0.651,0.0,1
0.76,0.348,0.143,1
0.76,0.485,0.143,0
0.73,0.324,0.214,0
0.77,0.395,0.214,1
0.61,0.467,0.286,0
0.82,0.369,0.214,0
0.63,0.481,0.271,0
0.7,0.735,0.214,0
0.65,0.472,0.286,0
0.72,0.391,0.143,1
0.74,0.54,0.286,1
0.59,0.473,0.214,0
0.74,0.341,0.071,0
0.81,0.312,0.286,0
0.59,0.415,0.008,1
0.79,0.728,0.714,1
0.83,0.425,0.428,1
0.81,0.438,0.286,0
0.82,0.691,0.036,1
0.53,0.24,0.286,0
0.65,0.415,0.428,0
0.8,0.416,0.043,0
0.6,0.35,0.186,0
0.86,0.751,0.857,0
0.66,0.38,0.057,0
0.79,0.42,0.143,1
0.83,0.365,0.428,1
0.75,0.258,0.143,1
0.67,0.461,0.143,1
0.59,0.311,0.071,0
0.73,0.441,0.171,1
0.51,0.316,0.128,0
0.74,0.495,0.257,1
0.76,0.416,0.214,1
0.77,0.451,0.214,1
0.7,0.3,0.114,1
0.84,0.544,0.286,0
0.67,0.358,0.143,1
0.76,0.452,0.286,1
0.76,0.624,0.0,0
0.76,0.26,0.286,0
0.9,0.509,0.428,1
0.48,0.336,0.286,0
0.74,0.403,0.125,0
0.67,0.299,0.074,0
0.64,0.12,0.071,0
0.74,0.425,0.028,1
0.76,0.526,0.286,0
0.57,0.095,0.114,0
0.83,0.412,0.214,1
0.57,0.378,0.428,0
0.49,0.541,0.143,0
0.84,0.468,0.071,1
0.83,0.753,0.643,1
0.87,0.714,0.857,0
0.53,0.073,0.214,0
0.72,0.474,0.286,0
0.73,0.055,0.191,0
0.85,0.396,0.214,1
0.74,0.645,0.357,0
0.78,0.319,0.143,1
0.69,0.512,0.014,0
0.79,0.146,0.0,0
0.74,0.193,0.214,0
0.89,0.605,0.286,1
0.74,0.539,0.214,0
0.46,0.159,0.043,0
0.68,0.502,0.357,0
0.69,0.322,0.186,1
0.84,0.38,0.0,0
0.7,0.506,0.214,0
0.79,0.472,0.028,1
0.84,0.466,0.286,1
0.8,0.498,0.286,1
0.62,0.305,0.214,0
0.75,0.405,0.143,1
0.51,0.428,0.143,0
0.68,0.64,0.428,0
0.79,0.789,0.161,1
0.76,0.695,0.857,1
0.71,0.466,0.243,0
0.81,0.546,0.357,1
0.71,0.506,0.071,0
0.83,0.533,0.0,0
0.81,0.541,0.571,0
0.49,0.49,0.014,0
0.55,0.025,0.071,0
0.75,0.386,0.028,0
0.64,0.425,0.171,0
0.86,0.737,0.428,1
0.62,0.389,0.071,0
0.82,0.454,0.286,1
0.8,0.5,0.357,1
0.8,0.545,0.286,0
0.74,0.558,0.286,1
0.83,0.49,0.214,1
0.79,0.518,0.286,1
0.78,0.238,0.214,1
0.78,0.5,0.857,1
0.8,0.431,0.171,1
0.65,0.461,0.286,0
0.65,0.486,0.143,0
0.8,0.529,0.214,0
0.86,0.344,0.286,1
0.73,0.335,0.357,1
0.69,0.695,0.214,1
0.78,0.3,0.214,1
0.68,0.44,0.428,0
0.53,0.281,0.5,0
0.82,0.489,0.214,1
0.72,0.243,0.0,0
0.74,0.344,0.071,0
0.87,0.553,0.357,1
0.61,0.639,0.071,0
0.7,0.426,0.357,0
0.87,0.558,0.857,0
0.57,0.25,0.286,0
0.63,0.467,0.143,0
0.93,0.684,0.714,1
0.81,0.382,0.428,1
0.74,0.335,0.143,1
0.73,0.592,0.214,1
0.85,0.552,0.286,1
0.79,0.511,0.089,0
0.71,0.389,0.286,0
0.78,0.524,0.571,0
0.69,0.654,0.428,0
0.82,0.385,0.214,1
0.81,0.491,0.107,1
0.76,0.426,0.428,0
0.78,0.595,0.357,1
0.67,0.41,0.143,0
0.69,0.315,0.071,0
0.53,0.55,0.286,0
0.85,0.481,0.143,0
0.35,0.67,0.071,0
0.8,0.432,0.214,1
0.7,0.073,0.214,0
0.75,0.467,0.286,1
0.71,0.433,0.071,0
0.67,0.402,0.214,0
0.73,0.524,0.243,0
0.53,0.342,0.143,0
0.77,0.495,0.143,1
0.62,0.641,0.428,1
0.75,0.306,0.143,0
0.8,0.475,0.214,1
0.59,0.424,0.143,0
0.76,0.418,0.0,0
0.53,0.453,0.171,0
0.76,0.377,0.286,0
0.7,0.528,0.214,0
0.76,0.452,0.143,1
0.79,0.394,0.286,0
0.83,0.073,0.114,0
0.69,0.452,0.286,1
0.86,0.7,0.286,1
0.73,0.256,0.286,0
0.7,0.146,0.286,0
0.8,0.412,0.286,1
0.67,0.42,0.143,1
0.84,0.576,0.186,1
0.71,0.507,0.143,0
0.83,0.35,0.086,1
0.85,0.325,0.214,1
0.84,0.449,0.128,1
0.69,0.343,0.071,0
0.77,0.452,0.214,1
0.74,0.507,0.428,0
0.7,0.493,0.143,1
0.81,0.382,0.143,1
0.76,0.755,0.571,1
0.76,0.392,0.286,1
0.81,0.359,0.286,1
0.73,0.629,0.128,0
0.67,0.458,0.214,0
0.62,0.635,0.386,0
0.82,0.852,0.257,1
0.68,0.299,0.143,0
0.74,0.448,0.357,0
0.79,0.212,0.214,1
0.71,0.503,0.143,0
0.75,0.591,0.286,1
0.84,0.42,0.286,1
0.77,0.479,0.428,1
0.8,0.376,0.143,1
0.81,0.509,0.857,0
0.73,0.54,0.0,0
0.72,0.512,0.286,0
0.69,0.383,0.286,0
0.65,0.254,0.186,0
0.76,0.449,0.357,1
0.9,0.193,0.071,1
0.57,0.385,0.143,0
0.74,0.322,0.357,0
0.75,0.524,0.286,0
0.68,0.526,0.143,0
0.73,0.409,0.428,1
0.7,0.53,0.143,0
0.62,0.398,0.214,1
0.89,0.676,0.0,1
0.66,0.108,0.357,0
0.85,0.677,0.571,1
0.76,0.514,0.286,1
0.78,0.329,0.071,0
0.86,0.505,0.428,1
0.73,0.459,0.143,0
0.57,0.025,0.043,0
0.77,0.447,0.128,0
0.72,0.505,0.214,1
0.71,0.486,0.214,1
0.74,0.333,0.286,1
0.78,0.3,0.057,1
0.7,0.361,0.0,0
0.83,0.492,0.214,1
0.62,0.046,0.071,0
0.8,0.463,0.157,1
0.74,0.457,0.157,1
0.92,0.303,0.0,1
0.67,0.51,0.0,0
0.84,0.499,0.143,1
0.71,0.536,0.857,0
0.85,0.611,0.286,0
0.72,0.407,0.643,1
0.82,0.146,0.286,1
0.78,0.623,0.286,1
0.61,0.423,0.214,0
0.78,0.607,0.053,1
0.69,0.146,0.043,0
0.8,0.428,0.186,1
0.73,0.41,0.143,0
0.73,0.393,0.143,0
0.79,0.49,0.143,0
0.77,0.396,0.143,1
0.76,0.848,0.0,0
0.69,0.567,0.107,0
0.84,0.418,0.286,1
0.78,0.49,0.0,1
0.82,0.846,0.857,0
0.68,0.773,0.143,0
0.66,0.036,0.071,0
0.65,0.357,0.028,1
0.86,0.338,0.214,1
0.68,0.492,0.143,0
0.82,0.536,0.286,1
0.74,0.362,0.0,1
0.61,0.44,0.071,1
0.63,0.432,0.0,0
0.68,0.457,0.286,0
0.92,0.52,0.143,1
0.67,0.452,0.143,0
0.75,0.371,0.286,1
0.82,0.488,0.357,0
0.77,0.435,0.214,1
0.53,0.399,0.143,0
0.81,0.179,0.143,1
0.75,0.425,0.057,1
0.74,0.573,0.357,1
0.5,0.446,0.086,1
0.78,0.59,0.286,0
0.7,0.339,0.143,1
0.58,0.451,0.086,0
0.43,0.549,0.0,0
0.73,0.45,0.357,0
0.8,0.312,0.043,1
0.64,0.433,0.071,1
0.77,0.488,0.214,0
0.85,0.5,0.286,1
0.78,0.501,0.357,1
0.63,0.488,0.143,0
0.83,0.56,0.857,1
0.77,0.617,0.857,0
0.66,0.283,0.357,0
0.72,0.466,0.014,0
0.89,0.215,0.0,1
0.74,0.483,0.286,0
0.86,0.351,0.214,0
0.86,0.443,0.357,1
0.63,0.159,0.008,0
0.75,0.457,0.1,1
0.74,0.649,0.428,0
0.79,0.451,0.643,0
0.83,0.383,0.286,1
0.78,0.272,0.071,1
0.76,0.228,0.0,0
0.71,0.432,0.286,0
0.8,0.377,0.143,1
0.79,0.484,0.285,1
0.74,0.408,0.214,1
0.79,0.258,0.143,1
0.81,0.387,0.0,0
0.73,0.44,0.286,1
0.56,0.483,0.086,0
0.72,0.352,0.034,0
0.76,0.734,0.571,0
0.7,0.354,0.0,0
0.91,0.481,0.286,1
0.81,0.429,0.286,0
0.8,0.52,0.286,1
0.61,0.395,0.143,0
0.72,0.487,0.143,0
0.62,0.629,0.428,0
0.78,0.725,0.286,1
0.91,0.485,0.286,1
0.51,0.22,0.214,0
0.7,0.366,0.043,1
0.73,0.5,0.357,0
0.65,0.418,0.428,0
0.34,0.363,0.071,0
0.86,0.312,0.143,0
0.74,0.583,0.286,0
0.76,0.305,0.143,0
0.7,0.443,0.286,0
0.79,0.357,0.286,1
0.79,0.59,0.086,1
0.6,0.395,0.114,0
0.79,0.312,0.214,1
0.72,0.58,0.143,1
0.84,0.462,0.214,1
0.85,0.406,0.286,1
0.68,0.361,0.214,1
0.76,0.525,0.143,1
0.73,0.492,0.143,1
0.87,0.395,0.143,1
0.65,0.551,0.214,1
0.83,0.645,0.357,1
0.79,0.401,0.428,0
0.71,0.463,0.286,0
0.78,0.279,0.143,1
0.87,0.651,0.286,1
0.68,0.556,0.228,0
0.78,0.167,0.143,1
0.72,0.508,0.428,1
0.87,0.495,0.143,1
0.75,0.167,0.143,1
0.44,0.37,0.286,0
0.85,0.464,0.143,1
0.8,0.605,0.178,1
0.81,0.478,0.571,0
0.82,0.477,0.286,1
0.76,0.537,0.286,1
0.75,0.345,0.857,1
0.57,0.429,0.0,0
0.56,0.431,0.571,0
0.71,0.627,0.571,0
0.54,0.443,0.057,0
0.76,0.609,0.286,1
0.68,0.342,0.071,0
0.78,0.328,0.428,1
0.75,0.441,0.028,1
0.83,0.693,0.0,0
0.53,0.574,0.143,0
0.72,0.405,0.143,1
0.79,0.564,0.143,1
0.51,0.193,0.143,0
0.61,0.405,0.086,1
0.89,0.414,0.1,1
0.68,0.264,0.1,1
0.81,0.556,0.571,1
0.68,0.436,0.286,0
0.8,0.356,0.014,1
0.71,0.41,0.214,0
0.73,0.258,0.214,0
0.79,0.688,0.571,0
0.67,0.649,0.428,0
0.82,0.474,0.286,1
0.69,0.666,0.857,1
0.7,0.395,0.228,0
0.74,0.83,0.143,0
0.79,0.501,0.0,0
0.84,0.398,0.286,1
0.86,0.368,0.071,1
0.83,0.279,0.143,1
0.2,0.462,0.214,0
0.52,0.303,0.143,0
0.77,0.56,0.243,1
0.64,0.391,0.071,0
0.55,0.073,0.071,0
0.73,0.765,0.286,1
0.74,0.353,0.143,0
0.56,0.551,0.1,0
0.29,0.506,0.0,0
0.71,0.461,0.357,0
0.61,0.203,0.143,0
0.74,0.384,0.286,1
0.77,0.423,0.286,1
0.7,0.527,0.286,0
0.62,0.458,0.086,0
0.78,0.406,0.143,1
0.76,0.544,0.428,1
0.65,0.108,0.071,0
0.78,0.693,0.714,1
0.52,0.394,0.214,0
0.8,0.524,0.143,0
0.81,0.78,0.086,1
0.58,0.728,0.034,0
0.81,0.481,0.171,1
0.86,0.452,0.128,0
0.85,0.433,0.428,1
0.65,0.44,0.0,0
0.73,0.375,0.214,0
0.64,0.309,0.009,1
0.7,0.338,0.186,0
0.8,0.672,0.286,1
0.84,0.447,0.286,0
0.81,0.365,0.286,1
0.74,0.08,0.143,0
0.54,0.101,0.286,0
0.87,0.427,0.071,1
0.67,0.757,0.008,0
0.43,0.175,0.171,0
0.78,0.477,0.214,1
0.51,0.552,0.286,0
0.8,0.46,0.286,1
0.76,0.534,0.214,1
0.58,0.459,0.0,0
0.75,0.446,0.286,1
0.7,0.196,0.071,1
0.89,0.719,0.857,1
0.66,0.466,0.114,0
0.76,0.274,0.143,0
0.73,0.659,0.571,0
0.69,0.389,0.143,0
0.84,0.52,0.286,1
0.83,0.407,0.0,0
0.73,0.183,0.143,1
0.59,0.308,0.128,0
0.49,0.421,0.214,0
0.72,0.596,0.017,0
0.69,0.33,0.071,0
0.88,0.412,0.357,0
0.7,0.426,0.057,0
0.75,0.531,0.214,0
0.71,0.351,0.143,1
0.6,0.759,0.071,1
0.72,0.507,0.143,0
0.81,0.535,0.214,0
0.74,0.592,0.036,0
0.73,0.408,0.214,0
0.81,0.558,0.357,1
0.77,0.423,0.143,0
0.75,0.013,0.071,0
0.75,0.394,0.114,1
0.86,0.668,0.143,1
0.78,0.3,0.357,1
0.77,0.548,0.143,1
0.65,0.296,0.071,0
0.74,0.243,0.286,0
0.75,0.693,0.357,1
0.63,0.309,0.143,0
0.6,0.266,0.171,0
0.94,0.306,0.0,1
0.77,0.485,0.214,0
0.77,0.296,0.0,1
0.73,0.334,0.114,0
0.51,0.676,0.0,0
0.78,0.467,0.214,0
0.69,0.397,0.071,1
0.77,0.451,0.357,1
0.71,0.512,0.028,0
0.8,0.15,0.143,1
0.72,0.354,0.214,0
0.74,0.375,0.028,1
0.39,0.025,0.0,0
0.74,0.406,0.857,1
0.82,0.561,0.714,1
0.71,0.352,0.214,1
0.87,0.297,0.0,1
0.82,0.57,0.375,1
0.76,0.46,0.143,0
0.73,0.349,0.032,0
0.6,0.686,0.471,0
0.62,0.387,0.086,0
0.83,0.256,0.071,1
0.79,0.385,0.071,1
0.59,0.357,0.143,0
0.75,0.357,0.171,0
0.55,0.487,0.214,0
0.72,0.461,0.228,0
0.83,0.39,0.286,1
0.54,0.196,0.143,0
0.86,0.565,0.428,1
0.79,0.312,0.143,1
0.72,0.352,0.286,0
0.87,0.186,0.128,0
0.75,0.462,0.186,0
0.67,0.309,0.0,0
0.77,0.426,0.214,1
0.79,0.386,0.143,0
0.88,0.63,0.286,1
0.7,0.479,0.286,0
0.64,0.398,0.143,1
0.82,0.403,0.357,1
0.82,0.674,0.127,1
0.83,0.465,0.357,1
0.87,0.464,0.214,1
0.79,0.525,0.714,0
0.71,0.25,0.086,0
0.8,0.367,0.143,1
0.7,0.364,0.1,1
0.61,0.647,0.071,0
0.58,0.396,0.143,0
0.71,0.394,0.428,0
0.66,0.454,0.214,0
0.7,0.377,0.143,0
0.76,0.476,0.043,0
0.86,0.183,0.143,1
0.43,0.277,0.0,0
0.82,0.623,0.283,1
0.8,0.555,0.214,1
0.68,0.437,0.286,0
0.75,0.544,0.214,1
0.82,0.437,0.0,1
0.81,0.535,0.114,1
0.83,0.641,0.571,1
0.81,0.505,0.271,0
0.76,0.641,0.286,1
0.64,0.179,0.214,1
0.73,0.509,0.286,1
0.68,0.603,0.857,1
0.79,0.417,0.357,0
0.86,0.69,0.286,1
0.83,0.544,0.143,0
0.69,0.487,0.286,1
0.55,0.498,0.028,0
0.51,0.428,0.071,0
0.72,0.459,0.071,0
0.78,0.36,0.286,0
0.91,0.752,0.714,1
0.77,0.346,0.214,0
0.64,0.228,0.0,0
0.91,0.108,0.086,0
0.84,0.377,0.214,1
0.53,0.013,0.143,0
0.7,0.592,0.286,1
0.61,0.311,0.114,0
0.78,0.404,0.857,0
0.82,0.359,0.071,0
0.76,0.419,0.286,1
0.76,0.408,0.143,1
0.59,0.465,0.214,0
0.69,0.312,0.0,0
0.74,0.291,0.143,0
0.77,0.217,0.257,1
0.66,0.68,0.143,0
0.83,0.73,0.714,1
0.71,0.43,0.143,1
0.75,0.318,0.0,0
0.56,0.238,0.143,0
0.73,0.516,0.186,1
0.68,0.789,0.571,0
0.76,0.247,0.143,0
0.72,0.24,0.0,0
0.49,0.416,0.0,0
0.84,0.479,0.057,1
0.69,0.488,0.071,0
0.87,0.465,0.143,1
0.63,0.3,0.0,0
0.66,0.597,0.214,0
0.74,0.412,0.143,1
0.76,0.415,0.143,1
0.78,0.19,0.286,0
0.81,0.511,0.032,1
0.58,0.67,0.857,0
0.76,0.504,0.286,0
0.78,0.52,0.428,1
0.47,0.276,0.143,0
0.82,0.583,0.143,1
0.54,0.268,0.214,0
0.76,0.264,0.428,0
0.62,0.395,0.07,0
0.8,0.612,0.178,0
0.7,0.428,0.071,0
0.77,0.341,0.186,1
0.65,0.378,0.0,0
0.78,0.72,0.286,1
0.83,0.605,0.143,0
0.81,0.6,0.107,1
0.8,0.534,0.286,1
0.87,0.312,0.086,1
0.8,0.502,0.286,0
0.88,0.392,0.786,1
0.72,0.547,0.214,0
0.78,0.468,0.0,0
0.73,0.381,0.286,1
0.75,0.621,0.286,1
0.81,0.529,0.286,1
0.65,0.203,0.0,0
0.72,0.457,0.214,0
0.75,0.454,0.057,1
0.78,0.583,0.428,1
0.81,0.561,0.428,1
0.81,0.559,0.186,1
0.71,0.569,0.286,0
0.77,0.231,0.143,0
0.8,0.357,0.143,1
0.67,0.3,0.143,0
0.84,0.997,0.143,1
0.86,0.594,0.214,1
0.64,0.449,0.143,0
0.63,0.266,0.286,0
0.74,0.373,0.043,1
0.68,0.427,0.143,0
0.87,0.444,0.286,1
0.74,0.702,0.286,0
0.78,0.335,0.071,1
0.78,0.483,0.143,1
0.72,0.355,0.143,0
0.87,0.36,0.214,1
0.83,0.408,0.357,0
0.69,0.4,0.0,0
0.73,0.352,0.228,1
0.83,0.379,0.171,1
0.72,0.609,0.143,0
0.75,0.58,0.214,1
0.78,0.428,0.428,1
0.9,0.386,0.143,1
0.47,0.369,0.128,0
0.77,0.361,0.428,1
0.83,0.462,0.428,0
0.61,0.483,0.286,0
0.69,0.574,0.143,0
0.8,0.613,0.286,1
0.74,0.485,0.143,0
0.76,0.433,0.214,1
0.68,0.352,0.071,0
0.68,0.473,0.357,1
0.75,0.384,0.428,0
0.83,0.493,0.143,1
0.76,0.41,0.143,0
0.58,0.434,0.214,0
0.71,0.443,0.071,0
0.8,0.652,0.097,1
0.83,0.405,0.214,1
0.85,0.566,0.857,1
0.83,0.323,0.0,0
0.54,0.403,0.214,0
0.9,0.383,0.214,1
0.84,0.598,0.036,1
0.83,0.515,0.0,0
0.79,0.418,0.086,0
0.68,0.046,0.0,0
0.79,0.441,0.0,0
0.73,0.492,0.428,0
0.24,0.664,0.171,0
0.62,0.433,0.071,0
0.81,0.406,0.143,0
0.78,0.383,0.214,1
0.74,0.447,0.214,0
0.81,0.296,0.043,0
0.77,0.492,0.428,0
0.7,0.398,0.286,1
0.68,0.394,0.214,1
0.87,0.405,0.114,1
0.82,0.055,0.143,0
0.68,0.558,0.228,0
0.82,0.446,0.286,0
0.61,0.432,0.057,0
0.68,0.358,0.428,0
0.79,0.358,0.286,1
0.75,0.433,0.028,1
0.72,0.516,0.5,1
0.82,0.171,0.143,1
0.66,0.479,0.107,0
0.81,0.745,0.286,1
0.72,0.43,0.286,1
0.65,0.312,0.0,0
0.73,0.291,0.1,1
0.72,0.313,0.028,1
0.52,0.45,0.214,0
0.74,0.193,0.057,0
0.78,0.38,0.171,1
0.8,0.621,0.571,0
0.72,0.284,0.071,0
0.82,0.412,0.1,1
0.69,0.146,0.214,0
0.82,0.24,0.0,1
0.82,0.598,0.428,1
0.8,0.402,0.214,1
0.69,0.641,0.357,0
0.68,0.466,0.0,0
0.78,0.469,0.143,1
0.57,0.555,0.114,0
0.79,0.342,0.143,0
0.83,0.343,0.143,0
0.7,0.514,0.286,1
0.78,0.617,0.214,1
0.76,0.345,0.428,0
0.68,0.41,0.186,0
0.81,0.268,0.286,1
0.73,0.536,0.046,0
0.69,0.387,0.214,0
0.68,0.538,0.143,1
0.72,0.196,0.143,0
0.81,0.159,0.028,0
0.73,0.345,0.0,0
0.75,0.356,0.286,0
0.79,0.362,0.143,1
0.88,0.67,0.128,0
0.63,0.436,0.1,1
0.9,0.394,0.214,1
0.87,0.456,0.232,1
0.6,0.336,0.357,0
0.65,0.506,0.036,0
0.79,0.504,0.214,0
0.77,0.535,0.143,1
0.68,0.565,0.143,0
0.92,0.141,0.1,1
0.75,0.472,0.286,1
0.78,0.391,0.214,1
0.89,0.73,0.357,1
0.82,0.335,0.071,1
0.81,0.422,0.143,1
0.7,0.613,0.857,0
0.79,0.456,0.143,1
0.69,0.12,0.071,0
0.76,0.333,0.214,0
0.83,0.489,0.214,1
0.74,0.484,0.0,0
0.84,0.383,0.061,1
0.72,0.41,0.114,1
0.65,0.399,0.071,0
0.86,0.564,0.571,0
0.86,0.4,0.028,1
0.82,0.438,0.143,1
0.72,0.561,0.714,1
0.72,0.405,0.1,1
0.83,0.424,0.171,0
0.79,0.377,0.286,1
0.51,0.252,0.114,1
0.8,0.545,0.228,1
0.7,0.155,0.214,1
0.66,0.517,0.143,0
0.85,0.529,0.286,1
0.82,0.367,0.028,1
0.77,0.527,0.214,1
0.87,0.428,0.071,1
0.73,0.425,0.214,0
0.73,0.329,0.214,0
0.66,0.438,0.286,0
0.75,0.399,0.171,0
0.6,0.574,0.571,1
0.89,0.356,0.143,1
0.84,0.443,0.114,1
0.4,0.502,0.014,0
0.68,0.429,0.357,0
0.78,0.389,0.428,1
0.71,0.55,0.214,0
0.93,0.62,0.571,1
0.68,0.412,0.428,0
0.63,0.516,0.286,0
0.71,0.485,0.357,1
0.7,0.443,0.286,0
0.79,0.44,0.286,0
0.64,0.619,0.286,0
0.85,0.428,0.0,0
0.69,0.654,0.214,0
0.81,0.637,0.857,1
0.41,0.252,0.143,0
0.71,0.15,0.143,0
0.78,0.417,0.286,1
0.66,0.543,0.143,0
0.82,0.493,0.357,1
0.59,0.495,0.143,0
0.7,0.441,0.257,1
0.8,0.638,0.571,1
0.83,0.631,0.286,1
0.83,0.51,0.286,1
0.7,0.583,0.286,0
0.8,0.359,0.143,1
0.74,0.284,0.286,1
0.76,0.436,0.071,1
0.76,0.563,0.286,1
0.89,0.272,0.143,0
0.74,0.485,0.286,0
0.76,0.236,0.286,0
0.57,0.436,0.143,0
0.69,0.5,0.357,0
0.66,0.504,0.061,0
0.82,0.44,0.286,1
0.72,0.41,0.143,1
0.65,0.386,0.357,0
0.82,0.108,0.143,1
0.72,0.509,0.357,0
0.78,0.277,0.143,1
0.49,0.036,0.071,0
0.78,0.462,0.357,0
0.79,0.529,0.0,0
0.69,0.41,0.214,0
0.77,0.478,0.286,0
0.75,0.408,0.028,1
0.83,0.738,0.286,1
0.72,0.36,0.143,0
0.8,0.167,0.214,0
0.87,0.656,0.286,1
0.67,0.423,0.043,0
0.7,0.629,0.143,0
0.69,0.146,0.086,0
0.71,0.368,0.214,1
0.43,0.375,0.086,0
0.67,0.238,0.0,0
0.74,0.518,0.714,0
0.65,0.459,0.071,0
0.72,0.4,0.143,0
0.83,0.793,0.428,1
0.8,0.252,0.071,1
0.69,0.423,0.214,1
0.54,0.49,0.128,1
0.73,0.316,0.857,0
0.81,0.725,0.143,1
0.71,0.386,0.143,0
0.67,0.498,0.286,0
0.69,0.432,0.0,0
0.88,0.587,0.286,1
0.53,0.412,0.143,0
0.77,0.399,0.143,0
0.8,0.422,0.107,1
0.75,0.217,0.214,0
0.75,0.388,0.143,0
0.68,0.377,0.214,1
0.9,0.274,0.214,1
0.8,0.262,0.143,1
0.65,0.405,0.286,0
0.64,0.382,0.286,0
0.85,0.682,0.571,0
0.82,0.408,0.171,1
0.7,0.577,0.286,1
0.83,0.183,0.057,0
0.78,0.343,0.286,1
0.65,0.262,0.143,0
0.77,0.62,0.286,1
0.6,0.408,0.043,0
0.68,0.449,0.014,0
0.77,0.277,0.114,0
0.81,0.44,0.143,1
0.72,0.389,0.214,1
0.72,0.498,0.214,1
0.73,0.46,0.0,1
0.87,0.797,0.5,1
0.78,0.587,0.214,1
0.83,0.064,0.086,0
0.91,0.51,0.143,1
0.73,0.444,0.357,1
0.68,0.344,0.143,0
0.64,0.433,0.128,0
0.94,0.497,0.214,1
0.83,0.548,0.143,1
0.7,0.432,0.214,1
0.81,0.203,0.193,1
0.79,0.136,0.071,1
0.76,0.676,0.428,0
0.77,0.342,0.028,1
0.83,0.327,0.286,1
0.88,0.428,0.143,1
0.59,0.324,0.286,0
0.81,0.546,0.428,1
0.76,0.448,0.214,0
0.72,0.503,0.143,1
0.72,0.34,0.143,1
0.73,0.529,0.357,1
0.78,0.402,0.214,0
0.82,0.396,0.286,1
0.76,0.8,0.571,0
0.76,0.538,0.571,0
0.78,0.443,0.0,0
0.79,0.466,0.286,0
0.88,0.611,0.357,1
0.87,0.36,0.214,1
0.74,0.541,0.228,1
0.75,0.473,0.428,0
0.49,0.489,0.186,0
0.7,0.313,0.043,0
0.65,0.591,0.143,0
0.77,0.276,0.286,1
0.8,0.398,0.214,1
0.76,0.545,0.214,1
0.89,0.262,0.214,1
0.9,0.458,0.114,1
0.75,0.543,0.286,1
0.74,0.563,0.286,1
0.81,0.683,0.5,0
0.77,0.447,0.286,1
0.54,0.421,0.571,0
0.77,0.309,0.143,0
0.77,0.687,0.086,1
0.77,0.366,0.057,0
0.83,0.393,0.143,1
0.88,0.523,0.143,1
0.77,0.527,0.143,1
0.81,0.339,0.143,1
0.93,0.353,0.214,1
0.64,0.409,0.014,1
0.86,0.397,0.286,1
0.79,0.452,0.286,1
0.75,0.34,0.143,0
0.75,0.463,0.286,1
0.73,0.671,0.143,0
0.7,0.601,0.186,0
0.76,0.451,0.1,1
0.69,0.683,0.286,0
0.8,0.398,0.214,1
0.86,0.746,0.857,1
0.93,0.358,0.286,1
0.86,0.495,0.286,1
0.79,0.437,0.071,0
0.68,0.635,0.178,1
0.65,0.481,0.214,0
0.72,0.41,0.171,1
0.5,0.284,0.1,0
0.77,0.34,0.114,1
0.4,0.333,0.057,0
0.64,0.376,0.0,0
0.77,0.493,0.143,1
0.7,0.406,0.286,0
0.45,0.528,0.086,0
0.77,0.294,0.128,0
0.68,0.405,0.071,0
0.93,0.3,0.0,1
0.84,0.369,0.428,0
0.71,0.513,0.286,0
0.82,0.485,0.428,1
0.86,0.159,0.0,0
0.68,0.367,0.286,1
0.81,0.203,0.0,1
0.82,0.353,0.071,1
0.85,0.507,0.286,1
0.81,0.335,0.243,1
0.75,0.392,0.214,0
0.73,0.519,0.071,0
0.73,0.506,0.286,0
0.73,0.297,0.257,0
0.62,0.561,0.428,0
0.56,0.179,0.1,0
0.55,0.418,0.143,0
0.88,0.529,0.286,1
0.88,0.502,0.286,1
0.79,0.593,0.383,1
0.58,0.558,0.0,0
0.72,0.431,0.143,1
0.56,0.279,0.428,0
0.69,0.726,0.214,1
0.71,0.159,0.214,0
0.82,0.586,0.428,1
0.74,0.414,0.286,0
0.81,0.398,0.043,1
0.79,0.568,0.143,0
0.71,0.497,0.043,1
0.65,0.603,0.857,0
0.71,0.514,0.286,0
0.8,0.146,0.114,0
0.68,0.196,0.0,0
0.84,0.529,0.428,1
0.87,0.656,0.428,1
0.76,0.512,0.286,1
0.88,0.617,0.571,1
0.83,0.353,0.286,1
0.82,0.627,0.571,0
0.86,0.673,0.857,0
0.88,0.419,0.214,1
0.73,0.512,0.428,0
0.81,0.471,0.857,0
0.71,0.252,0.286,0
0.71,0.374,0.214,1
0.85,0.704,0.714,1
0.97,0.555,0.571,1
0.76,0.453,0.071,1
0.7,0.424,0.028,0
0.89,0.362,0.143,1
0.5,0.393,0.071,0
0.79,0.593,0.286,1
0.79,0.515,0.0,1
0.68,0.431,0.028,0
0.67,0.288,0.143,0
0.91,0.526,0.257,1
0.77,0.356,0.1,0
0.71,0.27,0.1,0
0.4,0.403,0.143,0
0.88,0.252,0.071,1
0.55,0.515,0.071,0
0.62,0.5,0.286,0
0.63,0.3,0.057,0
0.89,0.593,0.428,1
0.68,0.493,0.186,1
0.7,0.49,0.086,1
0.82,0.584,0.214,1
0.75,0.19,0.143,0
0.58,0.442,0.143,0
0.76,0.238,0.357,1
0.65,0.607,0.286,0
0.8,0.378,0.014,1
0.75,0.381,0.214,1
0.85,0.578,0.286,1
0.85,0.433,0.143,0
0.9,0.131,0.071,0
0.8,0.362,0.286,1
0.55,0.299,0.114,0
0.87,0.571,0.286,0
0.82,0.343,0.1,0
0.76,0.447,0.143,1
0.6,0.508,0.214,0
0.63,0.355,0.0,1
0.82,0.26,0.0,0
0.81,0.379,0.028,0
0.71,0.42,0.257,1
0.78,0.196,0.214,1
0.64,0.54,0.214,1
0.8,0.41,0.286,1
0.82,0.286,0.143,1
0.76,0.514,0.571,0
0.8,0.435,0.286,1
0.7,0.714,0.428,0
0.81,0.418,0.143,1
0.72,0.159,0.214,0
0.9,0.407,0.214,1
0.5,0.429,0.008,0
0.45,0.225,0.032,0
0.64,0.328,0.0,0
0.57,0.175,0.171,1
0.82,0.468,0.286,1
0.79,0.403,0.1,1
0.8,0.368,0.214,1
0.85,0.036,0.143,1
0.77,0.439,0.143,1
0.66,0.605,0.857,0
0.75,0.539,0.5,1
0.78,0.383,0.214,1
0.44,0.429,0.028,0
0.62,0.375,0.257,0
0.73,0.415,0.086,1
0.8,0.785,0.157,1
0.77,0.351,0.0,0
0.81,0.641,0.214,1
0.65,0.57,0.357,0
0.41,0.309,0.357,0
0.85,0.451,0.286,1
0.72,0.46,0.286,1
0.79,0.593,0.214,1
0.83,0.548,0.214,1
0.83,0.493,0.0,1
0.76,0.485,0.286,0
0.73,0.364,0.143,1
0.85,0.47,0.286,1
0.69,0.159,0.0,0
0.73,0.388,0.286,0
0.8,0.685,0.428,0
0.66,0.394,0.286,0
0.69,0.509,0.0,1
0.71,0.456,0.214,0
0.69,0.363,0.186,0
0.65,0.484,0.428,0
0.8,0.46,0.186,0
0.89,0.284,0.05,1
0.72,0.554,0.428,0
0.67,0.481,0.286,0
0.68,0.415,0.071,0
0.52,0.56,0.286,0
0.71,0.276,0.017,0
0.86,0.435,0.0,0
0.8,0.359,0.286,0
0.79,0.444,0.286,1
0.86,0.378,0.086,1
0.73,0.435,0.143,0
0.8,0.609,0.107,1
0.86,0.501,0.0,1
0.64,0.15,0.071,0
0.68,0.351,0.071,1
0.57,0.511,0.357,0
0.79,0.748,0.357,1
0.75,0.426,0.428,1
0.78,0.525,0.128,1
0.83,0.883,0.0,1
0.59,0.466,0.071,0
0.86,0.369,0.357,1
0.53,0.26,0.286,1
0.75,0.468,0.186,1
0.85,0.723,0.143,0
0.92,0.401,0.143,1
0.75,0.252,0.0,0
0.7,0.528,0.286,1
0.68,0.183,0.071,0
0.76,0.567,0.286,1
0.82,0.435,0.0,1
0.75,0.428,0.143,1
0.71,0.612,0.357,0
0.66,0.496,0.571,1
0.8,0.371,0.143,1
0.86,0.592,0.286,1
0.67,0.473,0.186,0
0.9,0.25,0.0,1
0.83,0.52,0.343,1
0.63,0.231,0.286,0
0.69,0.622,0.286,1
0.59,0.446,0.0,1
0.89,0.467,0.143,0
0.84,0.458,0.214,1
0.63,0.368,0.143,0
0.84,0.584,0.571,1
0.73,0.452,0.143,0
0.88,0.614,0.571,1
0.8,0.44,0.714,0
0.56,0.46,0.286,0
0.69,0.57,0.428,0
0.81,0.916,0.571,1
0.81,0.535,0.286,1
0.72,0.531,0.143,0
0.8,0.576,0.143,1
0.94,0.781,0.286,1
0.61,0.458,0.143,1
0.8,0.377,0.143,0
0.73,0.523,0.5,0
0.5,0.374,0.008,0
0.56,0.319,0.357,0
0.61,0.6,0.0,0
0.82,0.557,0.143,0
0.79,0.329,0.143,0
0.74,0.361,0.186,1
0.81,0.377,0.286,1
0.85,0.429,0.571,1
0.88,0.319,0.0,1
0.7,0.468,0.143,1
0.84,0.54,0.357,1
0.71,0.451,0.014,0
0.81,0.336,0.278,1
0.68,0.566,0.286,0
0.76,0.328,0.071,0
0.65,0.167,0.357,0
0.73,0.624,0.286,1
0.68,0.427,0.018,0
0.73,0.53,0.571,0
0.88,0.697,0.857,0
0.73,0.54,0.286,1
0.63,0.478,0.143,0
0.72,0.443,0.286,0
0.78,0.627,0.171,0
0.8,0.384,0.143,0
0.69,0.449,0.143,0
0.83,0.499,0.286,1
0.83,0.475,0.357,1
0.68,0.167,0.057,0
0.85,0.625,0.428,1
0.6,0.286,0.286,1
0.84,0.277,0.057,0
0.69,0.457,0.286,0
0.55,0.47,0.143,0
0.88,0.323,0.143,1
0.83,0.607,0.286,1
0.57,0.497,0.286,0
0.76,0.426,0.021,1
0.82,0.637,0.143,1
0.84,0.556,0.286,1
0.89,0.638,0.857,1
0.78,0.597,0.571,1
0.74,0.456,0.143,0
0.69,0.461,0.2,0
0.74,0.433,0.214,1
0.81,0.486,0.095,1
0.59,0.4,0.071,0
0.65,0.479,0.143,0
0.78,0.552,0.071,1
0.73,0.436,0.214,1
0.83,0.504,0.428,1
0.73,0.751,0.428,0
0.75,0.266,0.0,0
0.64,0.459,0.01,0
0.84,0.735,0.286,0
0.8,0.601,0.286,1
0.56,0.377,0.0,0
0.81,0.274,0.071,1
0.63,0.675,0.286,0
0.62,0.322,0.114,0
0.73,0.457,0.214,0
0.76,0.537,0.143,1
0.8,0.381,0.286,1
0.83,0.196,0.143,1
0.79,0.523,0.186,1
0.58,0.656,0.114,0
0.8,0.525,0.214,1
0.76,0.42,0.143,0
0.68,0.519,0.857,0
0.77,0.463,0.5,0
0.72,0.511,0.357,0
0.8,0.478,0.114,1
0.88,0.186,0.071,0
0.58,0.437,0.214,0
0.74,0.521,0.286,1
0.66,0.245,0.214,0
0.81,0.483,0.357,1
0.82,0.525,0.286,1
0.71,0.277,0.143,0
0.86,0.626,0.286,1
0.75,0.625,0.428,1
0.76,0.125,0.086,0
0.88,0.435,0.286,1
0.58,0.436,0.0,0
0.7,0.422,0.143,0
0.74,0.537,0.357,0
0.69,0.561,0.161,1
0.83,0.462,0.143,0
0.68,0.671,0.214,1
0.69,0.389,0.071,0
0.52,0.502,0.214,0
0.54,0.375,0.043,0
0.75,0.243,0.0,0
0.62,0.305,0.343,0
0.84,0.136,0.143,0
0.73,0.476,0.143,1
0.79,0.502,0.214,1
0.74,0.46,0.143,0
0.59,0.175,0.086,0
0.74,0.621,0.428,0
0.84,0.635,0.02,0
0.69,0.435,0.286,0
0.79,0.08,0.143,0
0.77,0.659,0.071,1
0.68,0.645,0.143,0
0.8,0.3,0.0,0
0.37,0.424,0.057,0
0.72,0.619,0.0,0
0.79,0.428,0.286,1
0.72,0.461,0.114,1
0.67,0.612,0.357,0
0.8,0.415,0.214,1
0.59,0.512,0.357,0
0.72,0.475,0.286,1
0.85,0.372,0.143,0
0.74,0.511,0.068,0
0.74,0.466,0.214,1
0.82,0.437,0.086,0
0.81,0.125,0.286,0
0.54,0.537,0.214,0
0.63,0.387,0.286,0
0.82,0.41,0.071,1
0.61,0.136,0.0,0
0.73,0.055,0.286,1
0.57,0.217,0.114,0
0.74,0.635,0.214,0
0.55,0.403,0.214,0
0.68,0.299,0.071,0
0.75,0.412,0.086,0
0.88,0.471,0.286,1
0.57,0.303,0.143,0
0.8,0.404,0.143,1
0.76,0.559,0.214,0
0.81,0.68,0.171,0
0.72,0.431,0.089,0
0.82,0.484,0.143,1
0.72,0.382,0.214,0
0.74,0.484,0.0,0
0.9,0.555,0.086,0
0.81,0.408,0.286,0
0.77,0.395,0.214,1
0.8,0.458,0.214,0
0.77,0.645,0.286,0
0.76,0.59,0.171,1
0.79,0.486,0.286,1
0.75,0.073,0.571,0
0.78,0.878,0.428,1
0.91,0.469,0.143,0
0.89,0.362,0.286,1
0.81,0.5,0.171,1
0.72,0.595,0.286,0
0.85,0.745,0.857,0
0.78,0.471,0.086,1
0.71,0.46,0.171,0
0.78,0.363,0.357,1
0.78,0.577,0.286,0
0.82,0.461,0.357,1
0.84,0.328,0.143,1
0.61,0.537,0.214,0
0.67,0.423,0.171,1
0.72,0.305,0.0,0
0.93,0.547,0.428,1
0.77,0.456,0.143,1
0.75,0.442,0.428,0
0.69,0.556,0.214,1
0.8,0.637,0.428,0
0.87,0.818,0.857,1
0.71,0.537,0.143,0
0.79,0.433,0.043,1
0.54,0.48,0.286,0
0.72,0.635,0.857,0
0.76,0.108,0.286,0
0.84,0.342,0.428,1
0.78,0.602,0.286,1
0.85,0.601,0.571,1
0.85,0.481,0.571,1
0.84,0.361,0.214,1
0.86,0.437,0.143,1
0.84,0.286,0.028,1
0.94,0.605,0.571,1
0.65,0.526,0.214,1
0.73,0.583,0.286,0
0.7,0.247,0.143,1
0.49,0.183,0.214,0
0.83,0.711,0.143,1
0.73,0.359,0.086,0
0.68,0.463,0.857,0
0.72,0.425,0.143,0
0.62,0.384,0.143,0
0.83,0.791,0.286,1
0.71,0.371,0.143,0
0.87,0.22,0.0,1
0.85,0.313,0.071,1
0.8,0.193,0.214,0
0.76,0.488,0.286,0
0.69,0.318,0.243,0
0.71,0.901,0.286,0
0.7,0.586,0.571,0
0.74,0.296,0.286,0
0.77,0.481,0.214,1
0.84,0.114,0.286,0
0.69,0.476,0.143,0
0.74,0.425,0.014,0
0.9,0.506,0.036,1
0.63,0.39,0.143,0
0.71,0.013,0.1,0
0.75,0.462,0.286,1
0.6,0.503,0.071,0
0.83,0.483,0.114,1
0.77,0.426,0.043,0
0.65,0.108,0.1,0
0.73,0.726,0.5,0
0.8,0.336,0.214,1
0.81,0.415,0.214,1
0.52,0.341,0.286,0
0.59,0.535,0.186,1
0.78,0.503,0.857,0
0.55,0.431,0.143,0
0.48,0.159,0.214,0
0.85,0.632,0.0,1
0.76,0.44,0.214,0
0.63,0.444,0.286,1
0.85,0.575,0.143,0
0.8,0.465,0.143,1
0.74,0.338,0.071,0
0.65,0.371,0.143,0
0.84,0.511,0.857,0
0.63,0.513,0.0,0
0.77,0.436,0.143,1
0.8,0.146,0.143,0
0.7,0.046,0.0,0
0.8,0.245,0.114,1
0.83,0.435,0.071,0
0.78,0.402,0.214,0
0.74,0.513,0.214,0
0.62,0.459,0.143,0
0.88,0.621,0.428,1
0.75,0.631,0.114,0
0.76,0.418,0.028,1
0.85,0.581,0.143,1
0.88,0.516,0.286,1
0.7,0.368,0.214,1
0.85,0.628,0.357,1
0.58,0.557,0.057,0
0.78,0.309,0.286,1
0.8,0.466,0.0,0
0.77,0.36,0.043,1
0.81,0.371,0.114,1
0.73,0.245,0.0,0
0.74,0.423,0.186,0
0.88,0.468,0.428,0
0.94,0.705,0.286,1
0.59,0.576,0.428,0
0.94,0.431,0.286,1
0.75,0.556,0.357,1
0.75,0.342,0.214,0
0.72,0.472,0.143,0
0.72,0.6,0.357,0
0.88,0.605,0.45,1
0.86,0.369,0.053,0
0.74,0.308,0.428,0
0.47,0.446,0.286,0
0.59,0.266,0.0,1
0.81,0.605,0.286,1
0.74,0.445,0.286,0
0.8,0.59,0.286,1
0.82,0.639,0.286,1
0.79,0.433,0.114,0
0.73,0.146,0.071,0
0.72,0.228,0.071,1
0.78,0.366,0.143,1
0.8,0.403,0.107,0
0.58,0.512,0.571,0
0.94,0.834,0.857,1
0.81,0.399,0.143,0
0.9,0.72,0.286,1
0.74,0.088,0.143,0
0.83,0.415,0.214,0
0.65,0.422,0.286,0
0.55,0.231,0.428,0
0.82,0.557,0.286,1
0.66,0.446,0.028,0
0.7,0.296,0.286,1
0.63,0.408,0.0,0
0.78,0.439,0.286,0
0.86,0.505,0.286,1
0.83,0.628,0.571,1
0.75,0.575,0.714,1
0.69,0.6,0.071,0
0.8,0.525,0.357,0
0.58,0.236,0.0,0
0.69,0.443,0.143,1
0.94,0.167,0.286,1
0.63,0.328,0.143,0
0.84,0.627,0.3,1
0.69,0.417,0.01,0
0.83,0.574,0.214,1
0.79,0.379,0.114,1
0.76,0.826,0.286,0
0.62,0.473,0.15,0
0.78,0.313,0.046,1
0.8,0.727,0.571,0
0.62,0.365,0.014,0
0.76,0.489,0.024,0
0.72,0.549,0.428,1
0.82,0.438,0.071,0
0.81,0.381,0.043,1
0.69,0.348,0.286,0
0.69,0.343,0.143,0
0.65,0.345,0.143,1
0.9,0.452,0.357,1
0.79,0.481,0.214,1
0.73,0.348,0.214,1
0.64,0.141,0.043,0
0.68,0.322,0.114,1
0.83,0.499,0.428,1
0.85,0.464,0.286,1
0.76,0.325,0.214,0
0.89,0.537,0.286,1
0.72,0.731,0.357,0
0.83,0.451,0.357,1
0.73,0.44,0.286,0
0.43,0.418,0.214,0
0.75,0.429,0.214,1
0.59,0.551,0.286,1
0.71,0.465,0.018,0
0.76,0.395,0.086,1
0.85,0.442,0.143,1
0.78,0.739,0.071,0
0.74,0.555,0.286,1
0.69,0.27,0.0,1
0.83,0.854,0.714,0
0.68,0.487,0.143,0
0.59,0.423,0.143,0
0.76,0.429,0.071,0
0.57,0.323,0.071,0
0.57,0.163,0.143,0
0.59,0.262,0.143,0
0.43,0.368,0.015,0
0.84,0.382,0.214,1
0.86,0.39,0.186,1
0.71,0.817,0.428,0
0.66,0.324,0.143,0
0.8,0.632,0.286,1
0.82,0.351,0.143,1
0.54,0.297,0.143,0
0.78,0.536,0.286,1
0.93,0.426,0.857,1
0.84,0.724,0.428,1
0.82,0.46,0.107,1
0.78,0.407,0.143,1
0.78,0.258,0.036,1
0.66,0.645,0.286,0
0.75,0.394,0.286,1
0.75,0.56,0.143,0
0.73,0.423,0.071,1
0.81,0.412,0.286,1
0.75,0.602,0.357,1
0.7,0.088,0.143,0
0.68,0.508,0.0,1
0.72,0.183,0.143,1
0.72,0.605,0.178,0
0.78,0.353,0.114,1
0.73,0.578,0.571,0
0.89,0.681,0.214,1
0.72,0.468,0.214,0
0.69,0.407,0.214,0
0.64,0.013,0.0,1
0.81,0.236,0.143,1
0.85,0.481,0.286,1
0.79,0.475,0.143,1
0.69,0.013,0.143,0
0.96,0.327,0.0,1
0.54,0.131,0.286,0
0.56,0.396,0.143,0
0.85,0.264,0.286,1
0.64,0.584,0.143,0
0.74,0.799,0.0,0
0.76,0.366,0.143,0
0.64,0.505,0.286,0
0.83,0.101,0.071,1
0.88,0.492,0.071,1
0.81,0.388,0.428,0
0.8,0.425,0.028,1
0.8,0.469,0.286,1
0.75,0.392,0.428,1
0.8,0.661,0.0,0
0.84,0.428,0.286,1
0.59,0.401,0.143,0
0.8,0.57,0.214,0
0.62,0.212,0.186,1
0.65,0.175,0.143,1
0.81,0.514,0.214,1
0.55,0.372,0.143,0
0.87,0.549,0.214,1
0.66,0.426,0.143,0
0.83,0.354,0.214,1
0.69,0.436,0.143,0
0.73,0.55,0.286,0
0.74,0.382,0.214,1
0.91,0.711,0.0,1
0.68,0.476,0.143,1
0.76,0.414,0.214,1
0.76,0.12,0.286,0
0.7,0.394,0.143,0
0.69,0.313,0.043,0
0.56,0.34,0.286,0
0.75,0.358,0.286,0
0.63,0.439,0.143,0
0.89,0.644,0.357,1
0.78,0.633,0.357,1
0.68,0.41,0.014,0
0.78,0.446,0.0,0
0.68,0.498,0.2,0
0.82,0.674,0.214,1
0.56,0.425,0.0,1
0.8,0.602,0.286,1
0.64,0.553,0.143,0
0.84,0.513,0.286,1
0.84,0.729,0.857,1
0.78,0.622,0.343,1
0.68,0.394,0.286,1
0.76,0.475,0.357,0
0.81,0.466,0.857,0
0.7,0.215,0.143,0
0.7,0.784,0.571,0
0.76,0.316,0.114,1
0.77,0.373,0.143,1
0.75,0.676,0.357,1
0.47,0.357,0.286,0
0.65,0.467,0.0,0
0.77,0.555,0.286,0
0.59,0.389,0.143,0
0.81,0.199,0.071,1
0.76,0.446,0.286,1
0.53,0.515,0.286,0
0.73,0.518,0.228,1
0.59,0.474,0.286,0
0.82,0.383,0.2,1
0.77,0.46,0.143,0
0.7,0.449,0.285,1
0.78,0.478,0.0,0
0.84,1.0,0.0,1
0.86,0.593,0.286,1
0.63,0.405,0.071,0
0.71,0.458,0.286,1
0.77,0.474,0.186,1
0.89,0.543,0.143,1
0.72,0.53,0.114,0
0.79,0.283,0.0,1
0.87,0.417,0.428,1
0.65,0.517,0.143,0
0.78,0.461,0.028,1
0.73,0.559,0.214,0
0.76,0.406,0.0,1
0.74,0.279,0.143,1
0.76,0.588,0.071,0
0.53,0.516,0.086,1
0.7,0.573,0.357,1
0.75,0.367,0.286,1
0.86,0.217,0.0,1
0.66,0.605,0.428,1
0.76,0.515,0.428,0
0.69,0.381,0.143,0
0.62,0.334,0.114,1
0.76,0.414,0.428,1
0.95,0.539,0.143,1
0.78,0.59,0.0,1
0.62,0.22,0.428,0
0.66,0.407,0.071,0
0.83,0.818,0.571,1
0.62,0.319,0.286,1
0.63,0.245,0.071,0
0.77,0.415,0.143,0
0.76,0.527,0.428,0
0.84,0.341,0.143,1
0.87,0.136,0.286,1
0.73,0.223,0.071,1
0.76,0.293,0.143,0
0.64,0.284,0.286,0
0.69,0.252,0.143,1
0.65,0.646,0.143,0
0.83,0.725,0.286,1
0.72,0.247,0.357,0
0.74,0.387,0.214,1
0.82,0.328,0.286,1
0.73,0.521,0.286,0
0.8,0.141,0.286,0
0.68,0.603,0.214,0
0.7,0.283,0.286,0
0.78,0.903,0.571,1
0.55,0.055,0.071,0
0.39,0.659,0.071,0
0.67,0.336,0.143,0
0.81,0.439,0.286,1
0.44,0.383,0.143,0
0.89,0.297,0.071,1
0.73,0.353,0.286,0
0.76,0.409,0.214,0
0.7,0.615,0.428,0
0.65,0.401,0.01,1
0.79,0.528,0.071,0
0.62,0.391,0.143,1
0.78,0.449,0.0,0
0.61,0.525,0.064,0
0.57,0.013,0.114,0
0.57,0.046,0.214,0
0.8,0.516,0.428,0
0.73,0.411,0.214,1
0.72,0.654,0.214,1
0.8,0.586,0.428,1
0.73,0.416,0.286,0
0.58,0.291,0.286,0
0.65,0.742,0.114,1
0.81,0.537,0.1,0
0.8,0.281,0.143,1
0.71,0.449,0.286,1
0.63,0.53,0.214,1
0.56,0.66,0.1,0
0.81,0.357,0.188,1
0.79,0.302,0.286,1
0.67,0.254,0.0,0
0.67,0.433,0.071,0
0.9,0.612,0.0,0
0.77,0.583,0.186,1
0.89,0.592,0.571,1
0.77,0.466,0.071,0
0.63,0.854,0.0,0
0.77,0.5,0.098,1
0.76,0.274,0.057,1
0.68,0.352,0.271,0
0.84,0.547,0.214,1
0.86,0.418,0.214,1
0.65,0.482,0.071,0
0.71,0.291,0.128,0
0.59,0.394,0.143,0
0.66,0.358,0.143,0
0.81,0.595,0.428,0
0.75,0.412,0.214,1
0.51,0.464,0.186,0
0.8,0.437,0.214,1
0.75,0.605,0.5,1
0.68,0.688,0.228,0
0.68,0.447,0.714,0
0.69,0.49,0.428,0
0.78,0.594,0.286,1
0.71,0.332,0.286,0
0.77,0.598,0.857,0
0.67,0.26,0.017,1
0.75,0.358,0.114,1
0.74,0.505,0.214,1
0.65,0.108,0.286,0
0.56,0.55,0.143,0
0.58,0.163,0.0,0
0.65,0.508,0.1,0
0.74,0.343,0.143,1
0.84,0.628,0.714,0
0.79,0.464,0.243,1
0.72,0.598,0.286,0
0.8,0.542,0.714,0
0.84,0.429,0.186,1
0.75,0.243,0.214,1
0.74,0.398,0.143,1
0.59,0.533,0.143,0
0.71,0.497,0.143,1
0.83,0.404,0.214,0
0.81,0.591,0.643,1
0.62,0.34,0.143,0
0.75,0.548,0.143,1
0.81,0.396,0.0,0
0.77,0.431,0.032,0
0.72,0.479,0.0,0
0.81,0.141,0.286,1
0.77,0.451,0.214,1
0.86,0.279,0.343,0
0.81,0.91,0.0,0
0.52,0.325,0.143,0
0.84,0.424,0.157,1
0.76,0.356,0.214,1
0.65,0.479,0.214,0
0.65,0.206,0.043,0
0.92,0.414,0.0,1
0.48,0.312,0.0,0
0.78,0.343,0.143,1
0.79,0.537,0.214,1
0.49,0.488,0.1,0
0.82,0.701,0.428,1
0.82,0.657,0.286,1
0.74,0.437,0.214,1
0.79,0.489,0.357,0
0.79,0.27,0.143,1
0.68,0.449,0.286,0
0.78,0.523,0.086,0
0.79,0.361,0.286,0
0.83,0.486,0.286,0
0.75,0.125,0.143,0
0.38,0.114,0.143,0
0.72,0.412,0.143,0
0.4,0.406,0.071,0
0.75,0.405,0.071,0
0.92,0.101,0.286,0
0.84,0.626,0.143,1
0.8,0.319,0.286,1
0.64,0.225,0.143,0
0.59,0.44,0.286,0
0.71,0.414,0.286,0
0.69,0.545,0.107,1
0.67,0.245,0.143,0
0.82,0.522,0.071,1
0.73,0.694,0.357,0
0.8,0.445,0.143,1
0.74,0.555,0.428,0
0.8,0.7,0.1,1
0.78,0.196,0.143,0
0.6,0.434,0.025,1
0.89,0.616,0.107,1
0.83,0.475,0.143,1
0.67,0.587,0.228,0
0.8,0.369,0.286,1
0.83,0.435,0.143,1
0.77,0.389,0.214,1
0.7,0.486,0.286,1
0.78,0.422,0.286,1
0.58,0.493,0.143,0
0.76,0.441,0.357,0
0.84,0.508,0.0,0
0.72,0.405,0.143,0
0.66,0.425,0.071,0
0.78,0.644,0.571,0
0.59,0.136,0.143,0
0.75,0.434,0.214,1
0.9,0.811,0.0,0
0.66,0.841,0.214,0
0.84,0.605,0.143,0
0.82,0.416,0.114,1
0.81,0.52,0.428,1
0.68,0.537,0.286,1
0.72,0.252,0.107,1
0.73,0.155,0.143,0
0.81,0.537,0.286,1
0.69,0.395,0.286,0
0.77,0.53,0.286,0
0.83,0.391,0.286,1
0.61,0.414,0.143,0
0.69,0.036,0.286,1
0.79,0.0,0.214,1
0.7,0.52,0.214,1
0.7,0.387,0.143,1
0.69,0.672,0.428,0
0.23,0.948,0.014,0
0.77,0.383,0.0,1
0.84,0.08,0.071,0
0.73,0.471,0.143,0
0.76,0.322,0.428,0
0.81,0.131,0.0,0
0.79,0.327,0.286,1
0.63,0.368,0.143,0
0.87,0.552,0.286,1
0.86,0.994,0.0,1
0.77,0.355,0.143,1
0.81,0.499,0.214,1
0.78,0.553,0.2,1
0.86,0.63,0.357,1
0.76,0.296,0.114,0
0.57,0.398,0.143,0
0.67,0.429,0.071,1
0.46,0.136,0.0,1
0.66,0.389,0.036,1
0.68,0.538,0.286,1
0.73,0.322,0.143,0
0.79,0.411,0.143,1
0.86,0.533,0.143,1
0.67,0.08,0.071,0
0.7,0.562,0.143,0
0.73,0.408,0.096,1
0.83,0.558,0.214,1
0.77,0.399,0.143,1
0.73,0.366,0.043,0
0.79,0.196,0.071,1
0.86,0.44,0.286,1
0.58,0.588,0.286,0
0.84,0.542,0.257,1
0.72,0.288,0.214,0
0.73,0.608,0.286,1
0.57,0.446,0.214,0
0.96,0.47,0.143,1
0.76,0.196,0.186,0
0.84,0.484,0.286,1
0.93,0.517,0.0,1
0.91,0.628,0.286,1
0.85,0.406,0.214,1
0.66,0.563,0.051,0
0.68,0.3,0.143,0
0.85,0.531,0.286,1
0.7,0.702,0.428,0
0.75,0.335,0.143,0
0.71,0.639,0.428,1
0.46,0.399,0.015,0
0.8,0.577,0.286,1
0.4,0.365,0.214,0
0.57,0.483,0.357,0
0.7,0.457,0.014,0
0.57,0.598,0.428,0
0.79,0.396,0.114,1
0.8,0.545,0.286,1
0.81,0.634,0.286,1
0.84,0.725,0.286,1
0.86,0.368,0.143,1
0.85,0.589,0.428,1
0.8,0.487,0.086,1
0.96,0.348,0.143,1
0.81,0.384,0.357,0
0.81,0.57,0.214,0
0.84,0.437,0.286,1
0.67,0.392,0.286,0
0.76,0.396,0.286,1
0.66,0.391,0.214,0
0.94,0.294,0.143,1
0.68,0.274,0.428,0
0.72,0.408,0.143,0
0.69,0.322,0.214,0
0.75,0.532,0.571,0
0.77,0.371,0.286,1
0.64,0.498,0.5,0
0.78,0.54,0.357,1
0.61,0.614,0.428,0
0.75,0.088,0.143,1
0.76,0.327,0.143,0
0.71,0.155,0.214,1
0.74,0.422,0.143,0
0.79,0.52,0.286,1
0.72,0.325,0.286,0
0.65,0.217,0.143,0
0.77,0.641,0.428,1
0.74,0.408,0.214,0
0.68,0.526,0.143,1
0.81,0.746,0.286,1
0.62,0.471,0.143,0
0.75,0.547,0.286,1
0.81,0.618,0.571,1
0.67,0.648,0.428,1
0.73,0.088,0.086,1
0.82,0.404,0.143,1
0.84,0.336,0.15,1
0.83,0.523,0.0,1
0.73,0.408,0.286,0
0.81,0.609,0.571,0
0.75,0.509,0.214,0
0.78,0.43,0.286,1
0.52,0.443,0.428,0
0.87,0.542,0.071,1
0.66,0.277,0.286,0
0.66,0.55,0.0,0
0.74,0.878,0.086,1
0.81,0.585,0.428,1
0.66,0.465,0.143,1
0.8,0.335,0.071,1
0.8,0.622,0.428,1
0.67,0.583,0.286,0
0.65,0.315,0.028,0
0.57,0.193,0.143,0
0.75,0.428,0.428,0
0.9,0.568,0.286,1
0.62,0.525,0.071,0
0.66,0.412,0.171,0
0.84,0.025,0.114,1
0.72,0.404,0.143,1
0.79,0.354,0.357,0
0.78,0.506,0.457,0
0.76,0.399,0.214,0
0.49,0.515,0.071,1
0.71,0.701,0.286,0
0.88,0.792,0.428,1
0.8,0.419,0.143,1
0.61,0.131,0.143,0
0.63,0.396,0.214,0
0.87,0.549,0.857,1
0.72,0.327,0.214,0
0.85,0.446,0.214,1
0.61,0.428,0.214,0
0.79,0.19,0.214,0
0.8,0.277,0.214,1
0.81,0.579,0.286,1
0.79,0.439,0.214,1
0.8,0.247,0.128,0
0.77,0.431,0.357,1
0.8,0.125,0.143,0
0.71,0.658,0.428,0
0.73,0.578,0.286,1
0.63,0.788,0.286,0
0.41,0.499,0.143,0
0.88,0.335,0.0,0
0.81,0.688,0.857,0
0.66,0.489,0.286,0
0.7,0.34,0.1,0
0.87,0.114,0.086,1
0.87,0.361,0.214,1
0.68,0.59,0.286,0
0.76,0.357,0.1,0
0.75,0.559,0.25,1
0.74,0.452,0.286,0
0.91,0.666,0.286,1
0.59,0.387,0.143,0
0.8,0.055,0.143,0
0.82,0.416,0.286,1
0.76,0.532,0.286,1
0.72,0.315,0.428,0
0.8,0.414,0.053,1
0.62,0.335,0.0,0
0.64,0.778,0.143,0
0.67,0.283,0.214,0
0.62,0.47,0.143,0
0.85,0.013,0.143,1
0.63,0.588,0.143,0
0.74,0.415,0.214,1
0.68,0.45,0.286,1
0.74,0.346,0.357,1
0.62,0.437,0.214,0
0.69,0.513,0.178,0
0.66,0.59,0.286,1
0.76,0.387,0.0,0
0.71,0.131,0.0,0
0.83,0.401,0.286,1
0.62,0.366,0.186,1
0.72,0.418,0.143,1
0.74,0.466,0.143,0
